STRUCTURE,STRUCTURE_ID,ACTION,REF_AREA CTRY,Region,INDICATOR,SEX,TIME_PERIOD,OBS_VALUE,UNIT_MULTIPLIER,UNIT_MEASURE,OBS_STATUS,OBS_CONF,LOWER_BOUND,UPPER_BOUND,WGTD_SAMPL_SIZE,OBS_FOOTNOTE,SERIES_FOOTNOTE,DATA_SOURCE,SOURCE_LINK,CUSTODIAN,TIME_PERIOD_METHOD,REF_PERIOD,COVERAGE_TIME,AGE
dataflow,UNICEF:GLOBAL_DATAFLOW(1.0),I,VNM,6,PT_CHLD_Y0T4_REG,F,2023,98.9,,PCNT,RP,,,,,,"While trend data are available, changes in the indicator definitions, age groups covered, as well as the measures and questions used to collect the information have changed over time. These factors affect the comparability of available data sources and require careful review and assessment in order to accurately and reliably draw conclusions about trends over time for most countries. For this reason, trend data for this indicator are not included in UNICEF global databases.","General Statistics Office 2023, Statistical Yearbook 2023",,,EOF,,2023,Y0T4
dataflow,UNICEF:GLOBAL_DATAFLOW(1.0),I,VNM,6,PT_CHLD_Y0T4_REG,M,2023,99.2,,PCNT,RP,,,,,,"While trend data are available, changes in the indicator definitions, age groups covered, as well as the measures and questions used to collect the information have changed over time. These factors affect the comparability of available data sources and require careful review and assessment in order to accurately and reliably draw conclusions about trends over time for most countries. For this reason, trend data for this indicator are not included in UNICEF global databases.","General Statistics Office 2023, Statistical Yearbook 2023",,,EOF,,2023,Y0T4
dataflow,UNICEF:GLOBAL_DATAFLOW(1.0),I,VNM,6,PT_CHLD_Y0T4_REG,_T,2023,99,,PCNT,RP,,,,,,"While trend data are available, changes in the indicator definitions, age groups covered, as well as the measures and questions used to collect the information have changed over time. These factors affect the comparability of available data sources and require careful review and assessment in order to accurately and reliably draw conclusions about trends over time for most countries. For this reason, trend data for this indicator are not included in UNICEF global databases.","General Statistics Office 2023, Statistical Yearbook 2023",,,EOF,,2023,Y0T4
dataflow,UNICEF:GLOBAL_DATAFLOW(1.0),I,AU_AFRICA,0,PT_CHLD_Y0T4_REG,_T,2023,56.287,,PCNT,E,,,,,"Based on 45 countries with a population coverage 97 per cent of the regional population aged 0-4 years. These estimates are based on countries with an available data source within the reference period of 2014 to 2023 and apply a methodology that is detailed in the 2024 UNICEF global report, The Right Start in Life: Global levels and trends in birth registration, 2024 update.","While trend data are available, changes in the indicator definitions, age groups covered, as well as the measures and questions used to collect the information have changed over time. These factors affect the comparability of available data sources and require careful review and assessment in order to accurately and reliably draw conclusions about trends over time for most countries. For this reason, trend data for this indicator are not included in UNICEF global databases.","DHS, MICS, other national surveys, censuses and vital registration systems",,,EOF,,2014-23,Y0T4
dataflow,UNICEF:GLOBAL_DATAFLOW(1.0),I,GEO,7,PT_CHLD_Y0T4_REG,M,2017,98.5,,PCNT,RP,,,,,,"While trend data are available, changes in the indicator definitions, age groups covered, as well as the measures and questions used to collect the information have changed over time. These factors affect the comparability of available data sources and require careful review and assessment in order to accurately and reliably draw conclusions about trends over time for most countries. For this reason, trend data for this indicator are not included in UNICEF global databases.",WMS 2017,,,EOF,,2017,Y0T4
dataflow,UNICEF:GLOBAL_DATAFLOW(1.0),I,GEO,7,PT_CHLD_Y0T4_REG,_T,2017,98.5,,PCNT,RP,,,,,,"While trend data are available, changes in the indicator definitions, age groups covered, as well as the measures and questions used to collect the information have changed over time. These factors affect the comparability of available data sources and require careful review and assessment in order to accurately and reliably draw conclusions about trends over time for most countries. For this reason, trend data for this indicator are not included in UNICEF global databases.",WMS 2017,,,EOF,,2017,Y0T4
dataflow,UNICEF:GLOBAL_DATAFLOW(1.0),I,GEO,7,PT_CHLD_Y0T4_REG,F,2017,98.6,,PCNT,RP,,,,,,"While trend data are available, changes in the indicator definitions, age groups covered, as well as the measures and questions used to collect the information have changed over time. These factors affect the comparability of available data sources and require careful review and assessment in order to accurately and reliably draw conclusions about trends over time for most countries. For this reason, trend data for this indicator are not included in UNICEF global databases.",WMS 2017,,,EOF,,2017,Y0T4
dataflow,UNICEF:GLOBAL_DATAFLOW(1.0),I,DEU,7,PT_CHLD_Y0T4_REG,_T,2023,100,,PCNT,RP,,,,,Births registered,"While trend data are available, changes in the indicator definitions, age groups covered, as well as the measures and questions used to collect the information have changed over time. These factors affect the comparability of available data sources and require careful review and assessment in order to accurately and reliably draw conclusions about trends over time for most countries. For this reason, trend data for this indicator are not included in UNICEF global databases.","Federal Statistical Office, Federal Ministry of Justice and the Federal Office of Justice",,,EOF,,2023,Y0T4
dataflow,UNICEF:GLOBAL_DATAFLOW(1.0),I,DEU,7,PT_CHLD_Y0T4_REG,F,2023,100,,PCNT,RP,,,,,Births registered,"While trend data are available, changes in the indicator definitions, age groups covered, as well as the measures and questions used to collect the information have changed over time. These factors affect the comparability of available data sources and require careful review and assessment in order to accurately and reliably draw conclusions about trends over time for most countries. For this reason, trend data for this indicator are not included in UNICEF global databases.","Federal Statistical Office, Federal Ministry of Justice and the Federal Office of Justice",,,EOF,,2023,Y0T4
dataflow,UNICEF:GLOBAL_DATAFLOW(1.0),I,DEU,7,PT_CHLD_Y0T4_REG,M,2023,100,,PCNT,RP,,,,,Births registered,"While trend data are available, changes in the indicator definitions, age groups covered, as well as the measures and questions used to collect the information have changed over time. These factors affect the comparability of available data sources and require careful review and assessment in order to accurately and reliably draw conclusions about trends over time for most countries. For this reason, trend data for this indicator are not included in UNICEF global databases.","Federal Statistical Office, Federal Ministry of Justice and the Federal Office of Justice",,,EOF,,2023,Y0T4
dataflow,UNICEF:GLOBAL_DATAFLOW(1.0),I,ALB,7,PT_CHLD_Y0T4_REG,F,2018,98,,PCNT,RP,,,,,,"While trend data are available, changes in the indicator definitions, age groups covered, as well as the measures and questions used to collect the information have changed over time. These factors affect the comparability of available data sources and require careful review and assessment in order to accurately and reliably draw conclusions about trends over time for most countries. For this reason, trend data for this indicator are not included in UNICEF global databases.",DHS 2017-18,,,EOF,,2017-18,Y0T4
dataflow,UNICEF:GLOBAL_DATAFLOW(1.0),I,ALB,7,PT_CHLD_Y0T4_REG,M,2018,98.9,,PCNT,RP,,,,,,"While trend data are available, changes in the indicator definitions, age groups covered, as well as the measures and questions used to collect the information have changed over time. These factors affect the comparability of available data sources and require careful review and assessment in order to accurately and reliably draw conclusions about trends over time for most countries. For this reason, trend data for this indicator are not included in UNICEF global databases.",DHS 2017-18,,,EOF,,2017-18,Y0T4
dataflow,UNICEF:GLOBAL_DATAFLOW(1.0),I,ALB,7,PT_CHLD_Y0T4_REG,_T,2018,98.4,,PCNT,RP,,,,,,"While trend data are available, changes in the indicator definitions, age groups covered, as well as the measures and questions used to collect the information have changed over time. These factors affect the comparability of available data sources and require careful review and assessment in order to accurately and reliably draw conclusions about trends over time for most countries. For this reason, trend data for this indicator are not included in UNICEF global databases.",DHS 2017-18,,,EOF,,2017-18,Y0T4
dataflow,UNICEF:GLOBAL_DATAFLOW(1.0),I,GHA,2,PT_CHLD_Y0T4_REG,M,2022,74.4,,PCNT,RP,,,,,,"While trend data are available, changes in the indicator definitions, age groups covered, as well as the measures and questions used to collect the information have changed over time. These factors affect the comparability of available data sources and require careful review and assessment in order to accurately and reliably draw conclusions about trends over time for most countries. For this reason, trend data for this indicator are not included in UNICEF global databases.",DHS 2022,,,EOF,,2022,Y0T4
dataflow,UNICEF:GLOBAL_DATAFLOW(1.0),I,GHA,2,PT_CHLD_Y0T4_REG,_T,2022,74.5,,PCNT,RP,,,,,,"While trend data are available, changes in the indicator definitions, age groups covered, as well as the measures and questions used to collect the information have changed over time. These factors affect the comparability of available data sources and require careful review and assessment in order to accurately and reliably draw conclusions about trends over time for most countries. For this reason, trend data for this indicator are not included in UNICEF global databases.",DHS 2022,,,EOF,,2022,Y0T4
dataflow,UNICEF:GLOBAL_DATAFLOW(1.0),I,GHA,2,PT_CHLD_Y0T4_REG,F,2022,74.6,,PCNT,RP,,,,,,"While trend data are available, changes in the indicator definitions, age groups covered, as well as the measures and questions used to collect the information have changed over time. These factors affect the comparability of available data sources and require careful review and assessment in order to accurately and reliably draw conclusions about trends over time for most countries. For this reason, trend data for this indicator are not included in UNICEF global databases.",DHS 2022,,,EOF,,2022,Y0T4
dataflow,UNICEF:GLOBAL_DATAFLOW(1.0),I,GRC,7,PT_CHLD_Y0T4_REG,F,2023,100,,PCNT,E,,,,,"Estimated coverage of birth registration was obtained on the basis of the reported completeness of the national civil registration system, which estimated at least 90% complete","While trend data are available, changes in the indicator definitions, age groups covered, as well as the measures and questions used to collect the information have changed over time. These factors affect the comparability of available data sources and require careful review and assessment in order to accurately and reliably draw conclusions about trends over time for most countries. For this reason, trend data for this indicator are not included in UNICEF global databases.","UNSD Population and Vital Statistics Report, January 2026",,,EOF,,2023,Y0T4
dataflow,UNICEF:GLOBAL_DATAFLOW(1.0),I,GRC,7,PT_CHLD_Y0T4_REG,M,2023,100,,PCNT,E,,,,,"Estimated coverage of birth registration was obtained on the basis of the reported completeness of the national civil registration system, which estimated at least 90% complete","While trend data are available, changes in the indicator definitions, age groups covered, as well as the measures and questions used to collect the information have changed over time. These factors affect the comparability of available data sources and require careful review and assessment in order to accurately and reliably draw conclusions about trends over time for most countries. For this reason, trend data for this indicator are not included in UNICEF global databases.","UNSD Population and Vital Statistics Report, January 2026",,,EOF,,2023,Y0T4
dataflow,UNICEF:GLOBAL_DATAFLOW(1.0),I,GRC,7,PT_CHLD_Y0T4_REG,_T,2023,100,,PCNT,E,,,,,"Estimated coverage of birth registration was obtained on the basis of the reported completeness of the national civil registration system, which estimated at least 90% complete","While trend data are available, changes in the indicator definitions, age groups covered, as well as the measures and questions used to collect the information have changed over time. These factors affect the comparability of available data sources and require careful review and assessment in order to accurately and reliably draw conclusions about trends over time for most countries. For this reason, trend data for this indicator are not included in UNICEF global databases.","UNSD Population and Vital Statistics Report, January 2026",,,EOF,,2023,Y0T4
dataflow,UNICEF:GLOBAL_DATAFLOW(1.0),I,UNICEF_WCA,0,PT_CHLD_Y0T4_REG,_T,2023,57.025,,PCNT,E,,,,,"Based on 22 countries with a population coverage 100 per cent of the regional population aged 0-4 years. These estimates are based on countries with an available data source within the reference period of 2014 to 2023 and apply a methodology that is detailed in the 2024 UNICEF global report, The Right Start in Life: Global levels and trends in birth registration, 2024 update.","While trend data are available, changes in the indicator definitions, age groups covered, as well as the measures and questions used to collect the information have changed over time. These factors affect the comparability of available data sources and require careful review and assessment in order to accurately and reliably draw conclusions about trends over time for most countries. For this reason, trend data for this indicator are not included in UNICEF global databases.","DHS, MICS, other national surveys, censuses and vital registration systems",,,EOF,,2014-23,Y0T4
dataflow,UNICEF:GLOBAL_DATAFLOW(1.0),I,AU_WESTERN_AFRICA,0,PT_CHLD_Y0T4_REG,_T,2023,62.978,,PCNT,E,,,,,"Based on 14 countries with a population coverage 100 per cent of the regional population aged 0-4 years. These estimates are based on countries with an available data source within the reference period of 2014 to 2023 and apply a methodology that is detailed in the 2024 UNICEF global report, The Right Start in Life: Global levels and trends in birth registration, 2024 update.","While trend data are available, changes in the indicator definitions, age groups covered, as well as the measures and questions used to collect the information have changed over time. These factors affect the comparability of available data sources and require careful review and assessment in order to accurately and reliably draw conclusions about trends over time for most countries. For this reason, trend data for this indicator are not included in UNICEF global databases.","DHS, MICS, other national surveys, censuses and vital registration systems",,,EOF,,2014-23,Y0T4
dataflow,UNICEF:GLOBAL_DATAFLOW(1.0),I,GIN,2,PT_CHLD_Y0T4_REG,M,2018,62.4,,PCNT,RP,,,,,,"While trend data are available, changes in the indicator definitions, age groups covered, as well as the measures and questions used to collect the information have changed over time. These factors affect the comparability of available data sources and require careful review and assessment in order to accurately and reliably draw conclusions about trends over time for most countries. For this reason, trend data for this indicator are not included in UNICEF global databases.",DHS 2018,,,EOF,,2018,Y0T4
dataflow,UNICEF:GLOBAL_DATAFLOW(1.0),I,GIN,2,PT_CHLD_Y0T4_REG,_T,2018,62,,PCNT,RP,,,,,,"While trend data are available, changes in the indicator definitions, age groups covered, as well as the measures and questions used to collect the information have changed over time. These factors affect the comparability of available data sources and require careful review and assessment in order to accurately and reliably draw conclusions about trends over time for most countries. For this reason, trend data for this indicator are not included in UNICEF global databases.",DHS 2018,,,EOF,,2018,Y0T4
dataflow,UNICEF:GLOBAL_DATAFLOW(1.0),I,GIN,2,PT_CHLD_Y0T4_REG,F,2018,61.5,,PCNT,RP,,,,,,"While trend data are available, changes in the indicator definitions, age groups covered, as well as the measures and questions used to collect the information have changed over time. These factors affect the comparability of available data sources and require careful review and assessment in order to accurately and reliably draw conclusions about trends over time for most countries. For this reason, trend data for this indicator are not included in UNICEF global databases.",DHS 2018,,,EOF,,2018,Y0T4
dataflow,UNICEF:GLOBAL_DATAFLOW(1.0),I,UNSDG_WESTERNASIA,0,PT_CHLD_Y0T4_REG,_T,2023,81.559,,PCNT,E,,,,,"Based on 15 countries with a population coverage 89 per cent of the regional population aged 0-4 years. These estimates are based on countries with an available data source within the reference period of 2014 to 2023 and apply a methodology that is detailed in the 2024 UNICEF global report, The Right Start in Life: Global levels and trends in birth registration, 2024 update.","While trend data are available, changes in the indicator definitions, age groups covered, as well as the measures and questions used to collect the information have changed over time. These factors affect the comparability of available data sources and require careful review and assessment in order to accurately and reliably draw conclusions about trends over time for most countries. For this reason, trend data for this indicator are not included in UNICEF global databases.","DHS, MICS, other national surveys, censuses and vital registration systems",,,EOF,,2014-23,Y0T4
dataflow,UNICEF:GLOBAL_DATAFLOW(1.0),I,UNICEF_WE,0,PT_CHLD_Y0T4_REG,_T,2023,100,,PCNT,E,,,,,"Based on 33 countries with a population coverage 100 per cent of the regional population aged 0-4 years. These estimates are based on countries with an available data source within the reference period of 2014 to 2023 and apply a methodology that is detailed in the 2024 UNICEF global report, The Right Start in Life: Global levels and trends in birth registration, 2024 update.","While trend data are available, changes in the indicator definitions, age groups covered, as well as the measures and questions used to collect the information have changed over time. These factors affect the comparability of available data sources and require careful review and assessment in order to accurately and reliably draw conclusions about trends over time for most countries. For this reason, trend data for this indicator are not included in UNICEF global databases.","DHS, MICS, other national surveys, censuses and vital registration systems",,,EOF,,2014-23,Y0T4
dataflow,UNICEF:GLOBAL_DATAFLOW(1.0),I,GNB,2,PT_CHLD_Y0T4_REG,M,2019,47.1,,PCNT,RP,,,,,,"While trend data are available, changes in the indicator definitions, age groups covered, as well as the measures and questions used to collect the information have changed over time. These factors affect the comparability of available data sources and require careful review and assessment in order to accurately and reliably draw conclusions about trends over time for most countries. For this reason, trend data for this indicator are not included in UNICEF global databases.",MICS 2018-19,,,EOF,,2018-19,Y0T4
dataflow,UNICEF:GLOBAL_DATAFLOW(1.0),I,GNB,2,PT_CHLD_Y0T4_REG,_T,2019,46,,PCNT,RP,,,,,,"While trend data are available, changes in the indicator definitions, age groups covered, as well as the measures and questions used to collect the information have changed over time. These factors affect the comparability of available data sources and require careful review and assessment in order to accurately and reliably draw conclusions about trends over time for most countries. For this reason, trend data for this indicator are not included in UNICEF global databases.",MICS 2018-19,,,EOF,,2018-19,Y0T4
dataflow,UNICEF:GLOBAL_DATAFLOW(1.0),I,GNB,2,PT_CHLD_Y0T4_REG,F,2019,44.9,,PCNT,RP,,,,,,"While trend data are available, changes in the indicator definitions, age groups covered, as well as the measures and questions used to collect the information have changed over time. These factors affect the comparability of available data sources and require careful review and assessment in order to accurately and reliably draw conclusions about trends over time for most countries. For this reason, trend data for this indicator are not included in UNICEF global databases.",MICS 2018-19,,,EOF,,2018-19,Y0T4
dataflow,UNICEF:GLOBAL_DATAFLOW(1.0),I,GUY,1,PT_CHLD_Y0T4_REG,F,2020,97.9,,PCNT,RP,,,,,,"While trend data are available, changes in the indicator definitions, age groups covered, as well as the measures and questions used to collect the information have changed over time. These factors affect the comparability of available data sources and require careful review and assessment in order to accurately and reliably draw conclusions about trends over time for most countries. For this reason, trend data for this indicator are not included in UNICEF global databases.",MICS 2019-20,,,EOF,,2019-20,Y0T4
dataflow,UNICEF:GLOBAL_DATAFLOW(1.0),I,GUY,1,PT_CHLD_Y0T4_REG,M,2020,98.3,,PCNT,RP,,,,,,"While trend data are available, changes in the indicator definitions, age groups covered, as well as the measures and questions used to collect the information have changed over time. These factors affect the comparability of available data sources and require careful review and assessment in order to accurately and reliably draw conclusions about trends over time for most countries. For this reason, trend data for this indicator are not included in UNICEF global databases.",MICS 2019-20,,,EOF,,2019-20,Y0T4
dataflow,UNICEF:GLOBAL_DATAFLOW(1.0),I,GUY,1,PT_CHLD_Y0T4_REG,_T,2020,98.1,,PCNT,RP,,,,,,"While trend data are available, changes in the indicator definitions, age groups covered, as well as the measures and questions used to collect the information have changed over time. These factors affect the comparability of available data sources and require careful review and assessment in order to accurately and reliably draw conclusions about trends over time for most countries. For this reason, trend data for this indicator are not included in UNICEF global databases.",MICS 2019-20,,,EOF,,2019-20,Y0T4
dataflow,UNICEF:GLOBAL_DATAFLOW(1.0),I,HTI,1,PT_CHLD_Y0T4_REG,_T,2017,84.8,,PCNT,RP,,,,,,"While trend data are available, changes in the indicator definitions, age groups covered, as well as the measures and questions used to collect the information have changed over time. These factors affect the comparability of available data sources and require careful review and assessment in order to accurately and reliably draw conclusions about trends over time for most countries. For this reason, trend data for this indicator are not included in UNICEF global databases.",DHS 2016-17,,,EOF,,2016-17,Y0T4
dataflow,UNICEF:GLOBAL_DATAFLOW(1.0),I,HTI,1,PT_CHLD_Y0T4_REG,F,2017,85.4,,PCNT,RP,,,,,,"While trend data are available, changes in the indicator definitions, age groups covered, as well as the measures and questions used to collect the information have changed over time. These factors affect the comparability of available data sources and require careful review and assessment in order to accurately and reliably draw conclusions about trends over time for most countries. For this reason, trend data for this indicator are not included in UNICEF global databases.",DHS 2016-17,,,EOF,,2016-17,Y0T4
dataflow,UNICEF:GLOBAL_DATAFLOW(1.0),I,HTI,1,PT_CHLD_Y0T4_REG,M,2017,84.2,,PCNT,RP,,,,,,"While trend data are available, changes in the indicator definitions, age groups covered, as well as the measures and questions used to collect the information have changed over time. These factors affect the comparability of available data sources and require careful review and assessment in order to accurately and reliably draw conclusions about trends over time for most countries. For this reason, trend data for this indicator are not included in UNICEF global databases.",DHS 2016-17,,,EOF,,2016-17,Y0T4
dataflow,UNICEF:GLOBAL_DATAFLOW(1.0),I,HND,1,PT_CHLD_Y0T4_REG,F,2019,96.9,,PCNT,RP,,,,,,"While trend data are available, changes in the indicator definitions, age groups covered, as well as the measures and questions used to collect the information have changed over time. These factors affect the comparability of available data sources and require careful review and assessment in order to accurately and reliably draw conclusions about trends over time for most countries. For this reason, trend data for this indicator are not included in UNICEF global databases.",MICS 2019,,,EOF,,2019,Y0T4
dataflow,UNICEF:GLOBAL_DATAFLOW(1.0),I,HND,1,PT_CHLD_Y0T4_REG,M,2019,97.1,,PCNT,RP,,,,,,"While trend data are available, changes in the indicator definitions, age groups covered, as well as the measures and questions used to collect the information have changed over time. These factors affect the comparability of available data sources and require careful review and assessment in order to accurately and reliably draw conclusions about trends over time for most countries. For this reason, trend data for this indicator are not included in UNICEF global databases.",MICS 2019,,,EOF,,2019,Y0T4
dataflow,UNICEF:GLOBAL_DATAFLOW(1.0),I,HND,1,PT_CHLD_Y0T4_REG,_T,2019,97,,PCNT,RP,,,,,,"While trend data are available, changes in the indicator definitions, age groups covered, as well as the measures and questions used to collect the information have changed over time. These factors affect the comparability of available data sources and require careful review and assessment in order to accurately and reliably draw conclusions about trends over time for most countries. For this reason, trend data for this indicator are not included in UNICEF global databases.",MICS 2019,,,EOF,,2019,Y0T4
dataflow,UNICEF:GLOBAL_DATAFLOW(1.0),I,HUN,7,PT_CHLD_Y0T4_REG,F,2024,100,,PCNT,E,,,,,"Estimated coverage of birth registration was obtained on the basis of the reported completeness of the national civil registration system, which estimated at least 90% complete","While trend data are available, changes in the indicator definitions, age groups covered, as well as the measures and questions used to collect the information have changed over time. These factors affect the comparability of available data sources and require careful review and assessment in order to accurately and reliably draw conclusions about trends over time for most countries. For this reason, trend data for this indicator are not included in UNICEF global databases.","UNSD Population and Vital Statistics Report, January 2026",,,EOF,,2024,Y0T4
dataflow,UNICEF:GLOBAL_DATAFLOW(1.0),I,HUN,7,PT_CHLD_Y0T4_REG,M,2024,100,,PCNT,E,,,,,"Estimated coverage of birth registration was obtained on the basis of the reported completeness of the national civil registration system, which estimated at least 90% complete","While trend data are available, changes in the indicator definitions, age groups covered, as well as the measures and questions used to collect the information have changed over time. These factors affect the comparability of available data sources and require careful review and assessment in order to accurately and reliably draw conclusions about trends over time for most countries. For this reason, trend data for this indicator are not included in UNICEF global databases.","UNSD Population and Vital Statistics Report, January 2026",,,EOF,,2024,Y0T4
dataflow,UNICEF:GLOBAL_DATAFLOW(1.0),I,HUN,7,PT_CHLD_Y0T4_REG,_T,2024,100,,PCNT,E,,,,,"Estimated coverage of birth registration was obtained on the basis of the reported completeness of the national civil registration system, which estimated at least 90% complete","While trend data are available, changes in the indicator definitions, age groups covered, as well as the measures and questions used to collect the information have changed over time. These factors affect the comparability of available data sources and require careful review and assessment in order to accurately and reliably draw conclusions about trends over time for most countries. For this reason, trend data for this indicator are not included in UNICEF global databases.","UNSD Population and Vital Statistics Report, January 2026",,,EOF,,2024,Y0T4
dataflow,UNICEF:GLOBAL_DATAFLOW(1.0),I,YEM,4,PT_CHLD_Y0T4_REG,M,2023,30.3,,PCNT,RP,,,,,41 out of the 880 selected enumeration areas could not be visited because they were inaccessible due to security and safety reasons during the fieldwork period.,"While trend data are available, changes in the indicator definitions, age groups covered, as well as the measures and questions used to collect the information have changed over time. These factors affect the comparability of available data sources and require careful review and assessment in order to accurately and reliably draw conclusions about trends over time for most countries. For this reason, trend data for this indicator are not included in UNICEF global databases.",MICS 2022-23,,,EOF,,2022-23,Y0T4
dataflow,UNICEF:GLOBAL_DATAFLOW(1.0),I,YEM,4,PT_CHLD_Y0T4_REG,_T,2023,29.4,,PCNT,RP,,,,,41 out of the 880 selected enumeration areas could not be visited because they were inaccessible due to security and safety reasons during the fieldwork period.,"While trend data are available, changes in the indicator definitions, age groups covered, as well as the measures and questions used to collect the information have changed over time. These factors affect the comparability of available data sources and require careful review and assessment in order to accurately and reliably draw conclusions about trends over time for most countries. For this reason, trend data for this indicator are not included in UNICEF global databases.",MICS 2022-23,,,EOF,,2022-23,Y0T4
dataflow,UNICEF:GLOBAL_DATAFLOW(1.0),I,YEM,4,PT_CHLD_Y0T4_REG,F,2023,28.4,,PCNT,RP,,,,,41 out of the 880 selected enumeration areas could not be visited because they were inaccessible due to security and safety reasons during the fieldwork period.,"While trend data are available, changes in the indicator definitions, age groups covered, as well as the measures and questions used to collect the information have changed over time. These factors affect the comparability of available data sources and require careful review and assessment in order to accurately and reliably draw conclusions about trends over time for most countries. For this reason, trend data for this indicator are not included in UNICEF global databases.",MICS 2022-23,,,EOF,,2022-23,Y0T4
dataflow,UNICEF:GLOBAL_DATAFLOW(1.0),I,ISL,7,PT_CHLD_Y0T4_REG,F,2024,100,,PCNT,E,,,,,"Estimated coverage of birth registration was obtained on the basis of the reported completeness of the national civil registration system, which estimated at least 90% complete","While trend data are available, changes in the indicator definitions, age groups covered, as well as the measures and questions used to collect the information have changed over time. These factors affect the comparability of available data sources and require careful review and assessment in order to accurately and reliably draw conclusions about trends over time for most countries. For this reason, trend data for this indicator are not included in UNICEF global databases.","UNSD Population and Vital Statistics Report, January 2026",,,EOF,,2024,Y0T4
dataflow,UNICEF:GLOBAL_DATAFLOW(1.0),I,ISL,7,PT_CHLD_Y0T4_REG,M,2024,100,,PCNT,E,,,,,"Estimated coverage of birth registration was obtained on the basis of the reported completeness of the national civil registration system, which estimated at least 90% complete","While trend data are available, changes in the indicator definitions, age groups covered, as well as the measures and questions used to collect the information have changed over time. These factors affect the comparability of available data sources and require careful review and assessment in order to accurately and reliably draw conclusions about trends over time for most countries. For this reason, trend data for this indicator are not included in UNICEF global databases.","UNSD Population and Vital Statistics Report, January 2026",,,EOF,,2024,Y0T4
dataflow,UNICEF:GLOBAL_DATAFLOW(1.0),I,ISL,7,PT_CHLD_Y0T4_REG,_T,2024,100,,PCNT,E,,,,,"Estimated coverage of birth registration was obtained on the basis of the reported completeness of the national civil registration system, which estimated at least 90% complete","While trend data are available, changes in the indicator definitions, age groups covered, as well as the measures and questions used to collect the information have changed over time. These factors affect the comparability of available data sources and require careful review and assessment in order to accurately and reliably draw conclusions about trends over time for most countries. For this reason, trend data for this indicator are not included in UNICEF global databases.","UNSD Population and Vital Statistics Report, January 2026",,,EOF,,2024,Y0T4
dataflow,UNICEF:GLOBAL_DATAFLOW(1.0),I,ZMB,3,PT_CHLD_Y0T4_REG,F,2024,7.9,,PCNT,RP,,,,,,"While trend data are available, changes in the indicator definitions, age groups covered, as well as the measures and questions used to collect the information have changed over time. These factors affect the comparability of available data sources and require careful review and assessment in order to accurately and reliably draw conclusions about trends over time for most countries. For this reason, trend data for this indicator are not included in UNICEF global databases.",DHS 2024,,,EOF,,2024,Y0T4
dataflow,UNICEF:GLOBAL_DATAFLOW(1.0),I,ZMB,3,PT_CHLD_Y0T4_REG,M,2024,7.9,,PCNT,RP,,,,,,"While trend data are available, changes in the indicator definitions, age groups covered, as well as the measures and questions used to collect the information have changed over time. These factors affect the comparability of available data sources and require careful review and assessment in order to accurately and reliably draw conclusions about trends over time for most countries. For this reason, trend data for this indicator are not included in UNICEF global databases.",DHS 2024,,,EOF,,2024,Y0T4
dataflow,UNICEF:GLOBAL_DATAFLOW(1.0),I,ZMB,3,PT_CHLD_Y0T4_REG,_T,2024,7.9,,PCNT,RP,,,,,,"While trend data are available, changes in the indicator definitions, age groups covered, as well as the measures and questions used to collect the information have changed over time. These factors affect the comparability of available data sources and require careful review and assessment in order to accurately and reliably draw conclusions about trends over time for most countries. For this reason, trend data for this indicator are not included in UNICEF global databases.",DHS 2024,,,EOF,,2024,Y0T4
dataflow,UNICEF:GLOBAL_DATAFLOW(1.0),I,IND,5,PT_CHLD_Y0T4_REG,F,2021,89.4,,PCNT,RP,,,,,,"While trend data are available, changes in the indicator definitions, age groups covered, as well as the measures and questions used to collect the information have changed over time. These factors affect the comparability of available data sources and require careful review and assessment in order to accurately and reliably draw conclusions about trends over time for most countries. For this reason, trend data for this indicator are not included in UNICEF global databases.",NFHS 2019-21,,,EOF,,2019-21,Y0T4
dataflow,UNICEF:GLOBAL_DATAFLOW(1.0),I,IND,5,PT_CHLD_Y0T4_REG,M,2021,88.8,,PCNT,RP,,,,,,"While trend data are available, changes in the indicator definitions, age groups covered, as well as the measures and questions used to collect the information have changed over time. These factors affect the comparability of available data sources and require careful review and assessment in order to accurately and reliably draw conclusions about trends over time for most countries. For this reason, trend data for this indicator are not included in UNICEF global databases.",NFHS 2019-21,,,EOF,,2019-21,Y0T4
dataflow,UNICEF:GLOBAL_DATAFLOW(1.0),I,IND,5,PT_CHLD_Y0T4_REG,_T,2021,89.1,,PCNT,RP,,,,,,"While trend data are available, changes in the indicator definitions, age groups covered, as well as the measures and questions used to collect the information have changed over time. These factors affect the comparability of available data sources and require careful review and assessment in order to accurately and reliably draw conclusions about trends over time for most countries. For this reason, trend data for this indicator are not included in UNICEF global databases.",NFHS 2019-21,,,EOF,,2019-21,Y0T4
dataflow,UNICEF:GLOBAL_DATAFLOW(1.0),I,IDN,6,PT_CHLD_Y0T4_REG,_T,2025,86.8,,PCNT,RP,,,,,Data refer only to children with a birth certificate,"While trend data are available, changes in the indicator definitions, age groups covered, as well as the measures and questions used to collect the information have changed over time. These factors affect the comparability of available data sources and require careful review and assessment in order to accurately and reliably draw conclusions about trends over time for most countries. For this reason, trend data for this indicator are not included in UNICEF global databases.",SUSENAS 2025 (March) as part of Welfare Statistics 2025,,,EOF,,2025,Y0T4
dataflow,UNICEF:GLOBAL_DATAFLOW(1.0),I,ZWE,3,PT_CHLD_Y0T4_REG,F,2019,48.9,,PCNT,RP,,,,,,"While trend data are available, changes in the indicator definitions, age groups covered, as well as the measures and questions used to collect the information have changed over time. These factors affect the comparability of available data sources and require careful review and assessment in order to accurately and reliably draw conclusions about trends over time for most countries. For this reason, trend data for this indicator are not included in UNICEF global databases.",MICS 2019,,,EOF,,2019,Y0T4
dataflow,UNICEF:GLOBAL_DATAFLOW(1.0),I,ZWE,3,PT_CHLD_Y0T4_REG,M,2019,48.4,,PCNT,RP,,,,,,"While trend data are available, changes in the indicator definitions, age groups covered, as well as the measures and questions used to collect the information have changed over time. These factors affect the comparability of available data sources and require careful review and assessment in order to accurately and reliably draw conclusions about trends over time for most countries. For this reason, trend data for this indicator are not included in UNICEF global databases.",MICS 2019,,,EOF,,2019,Y0T4
dataflow,UNICEF:GLOBAL_DATAFLOW(1.0),I,ZWE,3,PT_CHLD_Y0T4_REG,_T,2019,48.7,,PCNT,RP,,,,,,"While trend data are available, changes in the indicator definitions, age groups covered, as well as the measures and questions used to collect the information have changed over time. These factors affect the comparability of available data sources and require careful review and assessment in order to accurately and reliably draw conclusions about trends over time for most countries. For this reason, trend data for this indicator are not included in UNICEF global databases.",MICS 2019,,,EOF,,2019,Y0T4
dataflow,UNICEF:GLOBAL_DATAFLOW(1.0),I,IRQ,4,PT_CHLD_Y0T4_REG,_T,2018,98.8,,PCNT,RP,,,,,,"While trend data are available, changes in the indicator definitions, age groups covered, as well as the measures and questions used to collect the information have changed over time. These factors affect the comparability of available data sources and require careful review and assessment in order to accurately and reliably draw conclusions about trends over time for most countries. For this reason, trend data for this indicator are not included in UNICEF global databases.",MICS 2018,,,EOF,,2018,Y0T4
dataflow,UNICEF:GLOBAL_DATAFLOW(1.0),I,IRQ,4,PT_CHLD_Y0T4_REG,F,2018,98.8,,PCNT,RP,,,,,,"While trend data are available, changes in the indicator definitions, age groups covered, as well as the measures and questions used to collect the information have changed over time. These factors affect the comparability of available data sources and require careful review and assessment in order to accurately and reliably draw conclusions about trends over time for most countries. For this reason, trend data for this indicator are not included in UNICEF global databases.",MICS 2018,,,EOF,,2018,Y0T4
dataflow,UNICEF:GLOBAL_DATAFLOW(1.0),I,IRQ,4,PT_CHLD_Y0T4_REG,M,2018,98.8,,PCNT,RP,,,,,,"While trend data are available, changes in the indicator definitions, age groups covered, as well as the measures and questions used to collect the information have changed over time. These factors affect the comparability of available data sources and require careful review and assessment in order to accurately and reliably draw conclusions about trends over time for most countries. For this reason, trend data for this indicator are not included in UNICEF global databases.",MICS 2018,,,EOF,,2018,Y0T4
dataflow,UNICEF:GLOBAL_DATAFLOW(1.0),I,IRL,7,PT_CHLD_Y0T4_REG,M,2024,100,,PCNT,E,,,,,"Estimated coverage of birth registration was obtained on the basis of the reported completeness of the national civil registration system, which estimated at least 90% complete","While trend data are available, changes in the indicator definitions, age groups covered, as well as the measures and questions used to collect the information have changed over time. These factors affect the comparability of available data sources and require careful review and assessment in order to accurately and reliably draw conclusions about trends over time for most countries. For this reason, trend data for this indicator are not included in UNICEF global databases.","UNSD Population and Vital Statistics Report, January 2026",,,EOF,,2024,Y0T4
dataflow,UNICEF:GLOBAL_DATAFLOW(1.0),I,IRL,7,PT_CHLD_Y0T4_REG,_T,2024,100,,PCNT,E,,,,,"Estimated coverage of birth registration was obtained on the basis of the reported completeness of the national civil registration system, which estimated at least 90% complete","While trend data are available, changes in the indicator definitions, age groups covered, as well as the measures and questions used to collect the information have changed over time. These factors affect the comparability of available data sources and require careful review and assessment in order to accurately and reliably draw conclusions about trends over time for most countries. For this reason, trend data for this indicator are not included in UNICEF global databases.","UNSD Population and Vital Statistics Report, January 2026",,,EOF,,2024,Y0T4
dataflow,UNICEF:GLOBAL_DATAFLOW(1.0),I,IRL,7,PT_CHLD_Y0T4_REG,F,2024,100,,PCNT,E,,,,,"Estimated coverage of birth registration was obtained on the basis of the reported completeness of the national civil registration system, which estimated at least 90% complete","While trend data are available, changes in the indicator definitions, age groups covered, as well as the measures and questions used to collect the information have changed over time. These factors affect the comparability of available data sources and require careful review and assessment in order to accurately and reliably draw conclusions about trends over time for most countries. For this reason, trend data for this indicator are not included in UNICEF global databases.","UNSD Population and Vital Statistics Report, January 2026",,,EOF,,2024,Y0T4
dataflow,UNICEF:GLOBAL_DATAFLOW(1.0),I,ISR,7,PT_CHLD_Y0T4_REG,F,2024,100,,PCNT,E,,,,,"Estimated coverage of birth registration was obtained on the basis of the reported completeness of the national civil registration system, which estimated at least 90% complete","While trend data are available, changes in the indicator definitions, age groups covered, as well as the measures and questions used to collect the information have changed over time. These factors affect the comparability of available data sources and require careful review and assessment in order to accurately and reliably draw conclusions about trends over time for most countries. For this reason, trend data for this indicator are not included in UNICEF global databases.","UNSD Population and Vital Statistics Report, January 2026",,,EOF,,2024,Y0T4
dataflow,UNICEF:GLOBAL_DATAFLOW(1.0),I,ISR,7,PT_CHLD_Y0T4_REG,M,2024,100,,PCNT,E,,,,,"Estimated coverage of birth registration was obtained on the basis of the reported completeness of the national civil registration system, which estimated at least 90% complete","While trend data are available, changes in the indicator definitions, age groups covered, as well as the measures and questions used to collect the information have changed over time. These factors affect the comparability of available data sources and require careful review and assessment in order to accurately and reliably draw conclusions about trends over time for most countries. For this reason, trend data for this indicator are not included in UNICEF global databases.","UNSD Population and Vital Statistics Report, January 2026",,,EOF,,2024,Y0T4
dataflow,UNICEF:GLOBAL_DATAFLOW(1.0),I,ISR,7,PT_CHLD_Y0T4_REG,_T,2024,100,,PCNT,E,,,,,"Estimated coverage of birth registration was obtained on the basis of the reported completeness of the national civil registration system, which estimated at least 90% complete","While trend data are available, changes in the indicator definitions, age groups covered, as well as the measures and questions used to collect the information have changed over time. These factors affect the comparability of available data sources and require careful review and assessment in order to accurately and reliably draw conclusions about trends over time for most countries. For this reason, trend data for this indicator are not included in UNICEF global databases.","UNSD Population and Vital Statistics Report, January 2026",,,EOF,,2024,Y0T4
dataflow,UNICEF:GLOBAL_DATAFLOW(1.0),I,ITA,7,PT_CHLD_Y0T4_REG,_T,2023,100,,PCNT,E,,,,,"Estimated coverage of birth registration was obtained on the basis of the reported completeness of the national civil registration system, which estimated at least 90% complete","While trend data are available, changes in the indicator definitions, age groups covered, as well as the measures and questions used to collect the information have changed over time. These factors affect the comparability of available data sources and require careful review and assessment in order to accurately and reliably draw conclusions about trends over time for most countries. For this reason, trend data for this indicator are not included in UNICEF global databases.","UNSD Population and Vital Statistics Report, January 2026",,,EOF,,2023,Y0T4
dataflow,UNICEF:GLOBAL_DATAFLOW(1.0),I,ITA,7,PT_CHLD_Y0T4_REG,F,2023,100,,PCNT,E,,,,,"Estimated coverage of birth registration was obtained on the basis of the reported completeness of the national civil registration system, which estimated at least 90% complete","While trend data are available, changes in the indicator definitions, age groups covered, as well as the measures and questions used to collect the information have changed over time. These factors affect the comparability of available data sources and require careful review and assessment in order to accurately and reliably draw conclusions about trends over time for most countries. For this reason, trend data for this indicator are not included in UNICEF global databases.","UNSD Population and Vital Statistics Report, January 2026",,,EOF,,2023,Y0T4
dataflow,UNICEF:GLOBAL_DATAFLOW(1.0),I,ITA,7,PT_CHLD_Y0T4_REG,M,2023,100,,PCNT,E,,,,,"Estimated coverage of birth registration was obtained on the basis of the reported completeness of the national civil registration system, which estimated at least 90% complete","While trend data are available, changes in the indicator definitions, age groups covered, as well as the measures and questions used to collect the information have changed over time. These factors affect the comparability of available data sources and require careful review and assessment in order to accurately and reliably draw conclusions about trends over time for most countries. For this reason, trend data for this indicator are not included in UNICEF global databases.","UNSD Population and Vital Statistics Report, January 2026",,,EOF,,2023,Y0T4
dataflow,UNICEF:GLOBAL_DATAFLOW(1.0),I,JAM,1,PT_CHLD_Y0T4_REG,M,2022,99.1,,PCNT,RP,,,,,,"While trend data are available, changes in the indicator definitions, age groups covered, as well as the measures and questions used to collect the information have changed over time. These factors affect the comparability of available data sources and require careful review and assessment in order to accurately and reliably draw conclusions about trends over time for most countries. For this reason, trend data for this indicator are not included in UNICEF global databases.",MICS 2022,,,EOF,,2022,Y0T4
dataflow,UNICEF:GLOBAL_DATAFLOW(1.0),I,JAM,1,PT_CHLD_Y0T4_REG,_T,2022,99.1,,PCNT,RP,,,,,,"While trend data are available, changes in the indicator definitions, age groups covered, as well as the measures and questions used to collect the information have changed over time. These factors affect the comparability of available data sources and require careful review and assessment in order to accurately and reliably draw conclusions about trends over time for most countries. For this reason, trend data for this indicator are not included in UNICEF global databases.",MICS 2022,,,EOF,,2022,Y0T4
dataflow,UNICEF:GLOBAL_DATAFLOW(1.0),I,JAM,1,PT_CHLD_Y0T4_REG,F,2022,99,,PCNT,RP,,,,,,"While trend data are available, changes in the indicator definitions, age groups covered, as well as the measures and questions used to collect the information have changed over time. These factors affect the comparability of available data sources and require careful review and assessment in order to accurately and reliably draw conclusions about trends over time for most countries. For this reason, trend data for this indicator are not included in UNICEF global databases.",MICS 2022,,,EOF,,2022,Y0T4
dataflow,UNICEF:GLOBAL_DATAFLOW(1.0),I,JPN,1,PT_CHLD_Y0T4_REG,M,2023,100,,PCNT,E,,,,,"Estimated coverage of birth registration was obtained on the basis of the reported completeness of the national civil registration system, which estimated at least 90% complete","While trend data are available, changes in the indicator definitions, age groups covered, as well as the measures and questions used to collect the information have changed over time. These factors affect the comparability of available data sources and require careful review and assessment in order to accurately and reliably draw conclusions about trends over time for most countries. For this reason, trend data for this indicator are not included in UNICEF global databases.","UNSD Population and Vital Statistics Report, January 2026",,,EOF,,2023,Y0T4
dataflow,UNICEF:GLOBAL_DATAFLOW(1.0),I,JPN,7,PT_CHLD_Y0T4_REG,_T,2023,100,,PCNT,E,,,,,"Estimated coverage of birth registration was obtained on the basis of the reported completeness of the national civil registration system, which estimated at least 90% complete","While trend data are available, changes in the indicator definitions, age groups covered, as well as the measures and questions used to collect the information have changed over time. These factors affect the comparability of available data sources and require careful review and assessment in order to accurately and reliably draw conclusions about trends over time for most countries. For this reason, trend data for this indicator are not included in UNICEF global databases.","UNSD Population and Vital Statistics Report, January 2026",,,EOF,,2023,Y0T4
dataflow,UNICEF:GLOBAL_DATAFLOW(1.0),I,JPN,7,PT_CHLD_Y0T4_REG,F,2023,100,,PCNT,E,,,,,"Estimated coverage of birth registration was obtained on the basis of the reported completeness of the national civil registration system, which estimated at least 90% complete","While trend data are available, changes in the indicator definitions, age groups covered, as well as the measures and questions used to collect the information have changed over time. These factors affect the comparability of available data sources and require careful review and assessment in order to accurately and reliably draw conclusions about trends over time for most countries. For this reason, trend data for this indicator are not included in UNICEF global databases.","UNSD Population and Vital Statistics Report, January 2026",,,EOF,,2023,Y0T4
dataflow,UNICEF:GLOBAL_DATAFLOW(1.0),I,JOR,4,PT_CHLD_Y0T4_REG,F,2023,99.5,,PCNT,RP,,,,,,"While trend data are available, changes in the indicator definitions, age groups covered, as well as the measures and questions used to collect the information have changed over time. These factors affect the comparability of available data sources and require careful review and assessment in order to accurately and reliably draw conclusions about trends over time for most countries. For this reason, trend data for this indicator are not included in UNICEF global databases.",DHS 2023,,,EOF,,2023,Y0T4
dataflow,UNICEF:GLOBAL_DATAFLOW(1.0),I,JOR,4,PT_CHLD_Y0T4_REG,M,2023,99.8,,PCNT,RP,,,,,,"While trend data are available, changes in the indicator definitions, age groups covered, as well as the measures and questions used to collect the information have changed over time. These factors affect the comparability of available data sources and require careful review and assessment in order to accurately and reliably draw conclusions about trends over time for most countries. For this reason, trend data for this indicator are not included in UNICEF global databases.",DHS 2023,,,EOF,,2023,Y0T4
dataflow,UNICEF:GLOBAL_DATAFLOW(1.0),I,JOR,4,PT_CHLD_Y0T4_REG,_T,2023,99.7,,PCNT,RP,,,,,,"While trend data are available, changes in the indicator definitions, age groups covered, as well as the measures and questions used to collect the information have changed over time. These factors affect the comparability of available data sources and require careful review and assessment in order to accurately and reliably draw conclusions about trends over time for most countries. For this reason, trend data for this indicator are not included in UNICEF global databases.",DHS 2023,,,EOF,,2023,Y0T4
dataflow,UNICEF:GLOBAL_DATAFLOW(1.0),I,DZA,4,PT_CHLD_Y0T4_REG,F,2019,99.6,,PCNT,RP,,,,,,"While trend data are available, changes in the indicator definitions, age groups covered, as well as the measures and questions used to collect the information have changed over time. These factors affect the comparability of available data sources and require careful review and assessment in order to accurately and reliably draw conclusions about trends over time for most countries. For this reason, trend data for this indicator are not included in UNICEF global databases.",MICS 2018-19,,,EOF,,2018-19,Y0T4
dataflow,UNICEF:GLOBAL_DATAFLOW(1.0),I,DZA,4,PT_CHLD_Y0T4_REG,M,2019,99.7,,PCNT,RP,,,,,,"While trend data are available, changes in the indicator definitions, age groups covered, as well as the measures and questions used to collect the information have changed over time. These factors affect the comparability of available data sources and require careful review and assessment in order to accurately and reliably draw conclusions about trends over time for most countries. For this reason, trend data for this indicator are not included in UNICEF global databases.",MICS 2018-19,,,EOF,,2018-19,Y0T4
dataflow,UNICEF:GLOBAL_DATAFLOW(1.0),I,DZA,4,PT_CHLD_Y0T4_REG,_T,2019,99.6,,PCNT,RP,,,,,,"While trend data are available, changes in the indicator definitions, age groups covered, as well as the measures and questions used to collect the information have changed over time. These factors affect the comparability of available data sources and require careful review and assessment in order to accurately and reliably draw conclusions about trends over time for most countries. For this reason, trend data for this indicator are not included in UNICEF global databases.",MICS 2018-19,,,EOF,,2018-19,Y0T4
dataflow,UNICEF:GLOBAL_DATAFLOW(1.0),I,KEN,3,PT_CHLD_Y0T4_REG,F,2022,75.6,,PCNT,RP,,,,,Mandera County could not be visited due to insecurity,"While trend data are available, changes in the indicator definitions, age groups covered, as well as the measures and questions used to collect the information have changed over time. These factors affect the comparability of available data sources and require careful review and assessment in order to accurately and reliably draw conclusions about trends over time for most countries. For this reason, trend data for this indicator are not included in UNICEF global databases.",DHS 2022,,,EOF,,2022,Y0T4
dataflow,UNICEF:GLOBAL_DATAFLOW(1.0),I,KEN,3,PT_CHLD_Y0T4_REG,M,2022,76.3,,PCNT,RP,,,,,Mandera County could not be visited due to insecurity,"While trend data are available, changes in the indicator definitions, age groups covered, as well as the measures and questions used to collect the information have changed over time. These factors affect the comparability of available data sources and require careful review and assessment in order to accurately and reliably draw conclusions about trends over time for most countries. For this reason, trend data for this indicator are not included in UNICEF global databases.",DHS 2022,,,EOF,,2022,Y0T4
dataflow,UNICEF:GLOBAL_DATAFLOW(1.0),I,KEN,3,PT_CHLD_Y0T4_REG,_T,2022,76,,PCNT,RP,,,,,Mandera County could not be visited due to insecurity,"While trend data are available, changes in the indicator definitions, age groups covered, as well as the measures and questions used to collect the information have changed over time. These factors affect the comparability of available data sources and require careful review and assessment in order to accurately and reliably draw conclusions about trends over time for most countries. For this reason, trend data for this indicator are not included in UNICEF global databases.",DHS 2022,,,EOF,,2022,Y0T4
dataflow,UNICEF:GLOBAL_DATAFLOW(1.0),I,KIR,6,PT_CHLD_Y0T4_REG,F,2019,90.3,,PCNT,RP,,,,,,"While trend data are available, changes in the indicator definitions, age groups covered, as well as the measures and questions used to collect the information have changed over time. These factors affect the comparability of available data sources and require careful review and assessment in order to accurately and reliably draw conclusions about trends over time for most countries. For this reason, trend data for this indicator are not included in UNICEF global databases.",MICS 2018-19,,,EOF,,2018-19,Y0T4
dataflow,UNICEF:GLOBAL_DATAFLOW(1.0),I,KIR,6,PT_CHLD_Y0T4_REG,M,2019,92.9,,PCNT,RP,,,,,,"While trend data are available, changes in the indicator definitions, age groups covered, as well as the measures and questions used to collect the information have changed over time. These factors affect the comparability of available data sources and require careful review and assessment in order to accurately and reliably draw conclusions about trends over time for most countries. For this reason, trend data for this indicator are not included in UNICEF global databases.",MICS 2018-19,,,EOF,,2018-19,Y0T4
dataflow,UNICEF:GLOBAL_DATAFLOW(1.0),I,KIR,6,PT_CHLD_Y0T4_REG,_T,2019,91.6,,PCNT,RP,,,,,,"While trend data are available, changes in the indicator definitions, age groups covered, as well as the measures and questions used to collect the information have changed over time. These factors affect the comparability of available data sources and require careful review and assessment in order to accurately and reliably draw conclusions about trends over time for most countries. For this reason, trend data for this indicator are not included in UNICEF global databases.",MICS 2018-19,,,EOF,,2018-19,Y0T4
dataflow,UNICEF:GLOBAL_DATAFLOW(1.0),I,XKX,7,PT_CHLD_Y0T4_REG,F,2020,98.1,,PCNT,RP,,,,,,"While trend data are available, changes in the indicator definitions, age groups covered, as well as the measures and questions used to collect the information have changed over time. These factors affect the comparability of available data sources and require careful review and assessment in order to accurately and reliably draw conclusions about trends over time for most countries. For this reason, trend data for this indicator are not included in UNICEF global databases.",MICS 2019-20,,,EOF,,2019-20,Y0T4
dataflow,UNICEF:GLOBAL_DATAFLOW(1.0),I,XKX,7,PT_CHLD_Y0T4_REG,M,2020,98.1,,PCNT,RP,,,,,,"While trend data are available, changes in the indicator definitions, age groups covered, as well as the measures and questions used to collect the information have changed over time. These factors affect the comparability of available data sources and require careful review and assessment in order to accurately and reliably draw conclusions about trends over time for most countries. For this reason, trend data for this indicator are not included in UNICEF global databases.",MICS 2019-20,,,EOF,,2019-20,Y0T4
dataflow,UNICEF:GLOBAL_DATAFLOW(1.0),I,XKX,7,PT_CHLD_Y0T4_REG,_T,2020,98.1,,PCNT,RP,,,,,,"While trend data are available, changes in the indicator definitions, age groups covered, as well as the measures and questions used to collect the information have changed over time. These factors affect the comparability of available data sources and require careful review and assessment in order to accurately and reliably draw conclusions about trends over time for most countries. For this reason, trend data for this indicator are not included in UNICEF global databases.",MICS 2019-20,,,EOF,,2019-20,Y0T4
dataflow,UNICEF:GLOBAL_DATAFLOW(1.0),I,KGZ,7,PT_CHLD_Y0T4_REG,M,2023,99.2,,PCNT,RP,,,,,,"While trend data are available, changes in the indicator definitions, age groups covered, as well as the measures and questions used to collect the information have changed over time. These factors affect the comparability of available data sources and require careful review and assessment in order to accurately and reliably draw conclusions about trends over time for most countries. For this reason, trend data for this indicator are not included in UNICEF global databases.",MICS 2023,,,EOF,,2023,Y0T4
dataflow,UNICEF:GLOBAL_DATAFLOW(1.0),I,KGZ,7,PT_CHLD_Y0T4_REG,_T,2023,99.5,,PCNT,RP,,,,,,"While trend data are available, changes in the indicator definitions, age groups covered, as well as the measures and questions used to collect the information have changed over time. These factors affect the comparability of available data sources and require careful review and assessment in order to accurately and reliably draw conclusions about trends over time for most countries. For this reason, trend data for this indicator are not included in UNICEF global databases.",MICS 2023,,,EOF,,2023,Y0T4
dataflow,UNICEF:GLOBAL_DATAFLOW(1.0),I,KGZ,7,PT_CHLD_Y0T4_REG,F,2023,99.9,,PCNT,RP,,,,,,"While trend data are available, changes in the indicator definitions, age groups covered, as well as the measures and questions used to collect the information have changed over time. These factors affect the comparability of available data sources and require careful review and assessment in order to accurately and reliably draw conclusions about trends over time for most countries. For this reason, trend data for this indicator are not included in UNICEF global databases.",MICS 2023,,,EOF,,2023,Y0T4
dataflow,UNICEF:GLOBAL_DATAFLOW(1.0),I,AND,7,PT_CHLD_Y0T4_REG,F,2024,100,,PCNT,E,,,,,"Estimated coverage of birth registration was obtained on the basis of the reported completeness of the national civil registration system, which estimated at least 90% complete","While trend data are available, changes in the indicator definitions, age groups covered, as well as the measures and questions used to collect the information have changed over time. These factors affect the comparability of available data sources and require careful review and assessment in order to accurately and reliably draw conclusions about trends over time for most countries. For this reason, trend data for this indicator are not included in UNICEF global databases.","UNSD Population and Vital Statistics Report, January 2026",,,EOF,,2024,Y0T4
dataflow,UNICEF:GLOBAL_DATAFLOW(1.0),I,AND,7,PT_CHLD_Y0T4_REG,M,2024,100,,PCNT,E,,,,,"Estimated coverage of birth registration was obtained on the basis of the reported completeness of the national civil registration system, which estimated at least 90% complete","While trend data are available, changes in the indicator definitions, age groups covered, as well as the measures and questions used to collect the information have changed over time. These factors affect the comparability of available data sources and require careful review and assessment in order to accurately and reliably draw conclusions about trends over time for most countries. For this reason, trend data for this indicator are not included in UNICEF global databases.","UNSD Population and Vital Statistics Report, January 2026",,,EOF,,2024,Y0T4
dataflow,UNICEF:GLOBAL_DATAFLOW(1.0),I,AND,7,PT_CHLD_Y0T4_REG,_T,2024,100,,PCNT,E,,,,,"Estimated coverage of birth registration was obtained on the basis of the reported completeness of the national civil registration system, which estimated at least 90% complete","While trend data are available, changes in the indicator definitions, age groups covered, as well as the measures and questions used to collect the information have changed over time. These factors affect the comparability of available data sources and require careful review and assessment in order to accurately and reliably draw conclusions about trends over time for most countries. For this reason, trend data for this indicator are not included in UNICEF global databases.","UNSD Population and Vital Statistics Report, January 2026",,,EOF,,2024,Y0T4
dataflow,UNICEF:GLOBAL_DATAFLOW(1.0),I,AGO,3,PT_CHLD_Y0T4_REG,F,2024,37.3,,PCNT,RP,,,,,,"While trend data are available, changes in the indicator definitions, age groups covered, as well as the measures and questions used to collect the information have changed over time. These factors affect the comparability of available data sources and require careful review and assessment in order to accurately and reliably draw conclusions about trends over time for most countries. For this reason, trend data for this indicator are not included in UNICEF global databases.",DHS 2023-24,,,EOF,,2023-24,Y0T4
dataflow,UNICEF:GLOBAL_DATAFLOW(1.0),I,AGO,3,PT_CHLD_Y0T4_REG,M,2024,38,,PCNT,RP,,,,,,"While trend data are available, changes in the indicator definitions, age groups covered, as well as the measures and questions used to collect the information have changed over time. These factors affect the comparability of available data sources and require careful review and assessment in order to accurately and reliably draw conclusions about trends over time for most countries. For this reason, trend data for this indicator are not included in UNICEF global databases.",DHS 2023-24,,,EOF,,2023-24,Y0T4
dataflow,UNICEF:GLOBAL_DATAFLOW(1.0),I,AGO,3,PT_CHLD_Y0T4_REG,_T,2024,37.7,,PCNT,RP,,,,,,"While trend data are available, changes in the indicator definitions, age groups covered, as well as the measures and questions used to collect the information have changed over time. These factors affect the comparability of available data sources and require careful review and assessment in order to accurately and reliably draw conclusions about trends over time for most countries. For this reason, trend data for this indicator are not included in UNICEF global databases.",DHS 2023-24,,,EOF,,2023-24,Y0T4
dataflow,UNICEF:GLOBAL_DATAFLOW(1.0),I,LAO,6,PT_CHLD_Y0T4_REG,_T,2023,65,,PCNT,RP,,,,,Data inclues children registered in the family book,"While trend data are available, changes in the indicator definitions, age groups covered, as well as the measures and questions used to collect the information have changed over time. These factors affect the comparability of available data sources and require careful review and assessment in order to accurately and reliably draw conclusions about trends over time for most countries. For this reason, trend data for this indicator are not included in UNICEF global databases.",MICS 2023,,,EOF,,2023,Y0T4
dataflow,UNICEF:GLOBAL_DATAFLOW(1.0),I,LAO,6,PT_CHLD_Y0T4_REG,F,2023,65.4,,PCNT,RP,,,,,Data inclues children registered in the family book,"While trend data are available, changes in the indicator definitions, age groups covered, as well as the measures and questions used to collect the information have changed over time. These factors affect the comparability of available data sources and require careful review and assessment in order to accurately and reliably draw conclusions about trends over time for most countries. For this reason, trend data for this indicator are not included in UNICEF global databases.",MICS 2023,,,EOF,,2023,Y0T4
dataflow,UNICEF:GLOBAL_DATAFLOW(1.0),I,LAO,6,PT_CHLD_Y0T4_REG,M,2023,64.6,,PCNT,RP,,,,,Data inclues children registered in the family book,"While trend data are available, changes in the indicator definitions, age groups covered, as well as the measures and questions used to collect the information have changed over time. These factors affect the comparability of available data sources and require careful review and assessment in order to accurately and reliably draw conclusions about trends over time for most countries. For this reason, trend data for this indicator are not included in UNICEF global databases.",MICS 2023,,,EOF,,2023,Y0T4
dataflow,UNICEF:GLOBAL_DATAFLOW(1.0),I,UNICEF_LAC,0,PT_CHLD_Y0T4_REG,_T,2023,94.869,,PCNT,E,,,,,"Based on 27 countries with a population coverage 98 per cent of the regional population aged 0-4 years. These estimates are based on countries with an available data source within the reference period of 2014 to 2023 and apply a methodology that is detailed in the 2024 UNICEF global report, The Right Start in Life: Global levels and trends in birth registration, 2024 update.","While trend data are available, changes in the indicator definitions, age groups covered, as well as the measures and questions used to collect the information have changed over time. These factors affect the comparability of available data sources and require careful review and assessment in order to accurately and reliably draw conclusions about trends over time for most countries. For this reason, trend data for this indicator are not included in UNICEF global databases.","DHS, MICS, other national surveys, censuses and vital registration systems",,,EOF,,2014-23,Y0T4
dataflow,UNICEF:GLOBAL_DATAFLOW(1.0),I,UNSDG_LAC,0,PT_CHLD_Y0T4_REG,_T,2023,94.869,,PCNT,E,,,,,"Based on 27 countries with a population coverage 98 per cent of the regional population aged 0-4 years. These estimates are based on countries with an available data source within the reference period of 2014 to 2023 and apply a methodology that is detailed in the 2024 UNICEF global report, The Right Start in Life: Global levels and trends in birth registration, 2024 update.","While trend data are available, changes in the indicator definitions, age groups covered, as well as the measures and questions used to collect the information have changed over time. These factors affect the comparability of available data sources and require careful review and assessment in order to accurately and reliably draw conclusions about trends over time for most countries. For this reason, trend data for this indicator are not included in UNICEF global databases.","DHS, MICS, other national surveys, censuses and vital registration systems",,,EOF,,2014-23,Y0T4
dataflow,UNICEF:GLOBAL_DATAFLOW(1.0),I,ARG,1,PT_CHLD_Y0T4_REG,F,2020,99.4,,PCNT,RP,,,,,The sample was national and urban,"While trend data are available, changes in the indicator definitions, age groups covered, as well as the measures and questions used to collect the information have changed over time. These factors affect the comparability of available data sources and require careful review and assessment in order to accurately and reliably draw conclusions about trends over time for most countries. For this reason, trend data for this indicator are not included in UNICEF global databases.",MICS 2019-20,,,EOF,,2019-20,Y0T4
dataflow,UNICEF:GLOBAL_DATAFLOW(1.0),I,ARG,1,PT_CHLD_Y0T4_REG,M,2020,100,,PCNT,RP,,,,,The sample was national and urban,"While trend data are available, changes in the indicator definitions, age groups covered, as well as the measures and questions used to collect the information have changed over time. These factors affect the comparability of available data sources and require careful review and assessment in order to accurately and reliably draw conclusions about trends over time for most countries. For this reason, trend data for this indicator are not included in UNICEF global databases.",MICS 2019-20,,,EOF,,2019-20,Y0T4
dataflow,UNICEF:GLOBAL_DATAFLOW(1.0),I,ARG,1,PT_CHLD_Y0T4_REG,_T,2020,99.7,,PCNT,RP,,,,,The sample was national and urban,"While trend data are available, changes in the indicator definitions, age groups covered, as well as the measures and questions used to collect the information have changed over time. These factors affect the comparability of available data sources and require careful review and assessment in order to accurately and reliably draw conclusions about trends over time for most countries. For this reason, trend data for this indicator are not included in UNICEF global databases.",MICS 2019-20,,,EOF,,2019-20,Y0T4
dataflow,UNICEF:GLOBAL_DATAFLOW(1.0),I,LVA,7,PT_CHLD_Y0T4_REG,F,2023,100,,PCNT,RP,,,,,Births registered,"While trend data are available, changes in the indicator definitions, age groups covered, as well as the measures and questions used to collect the information have changed over time. These factors affect the comparability of available data sources and require careful review and assessment in order to accurately and reliably draw conclusions about trends over time for most countries. For this reason, trend data for this indicator are not included in UNICEF global databases.","Estimation by Central Statistical Bureau of Latvia, from Civil Registration System",,,EOF,,2023,Y0T4
dataflow,UNICEF:GLOBAL_DATAFLOW(1.0),I,LVA,7,PT_CHLD_Y0T4_REG,M,2023,100,,PCNT,RP,,,,,Births registered,"While trend data are available, changes in the indicator definitions, age groups covered, as well as the measures and questions used to collect the information have changed over time. These factors affect the comparability of available data sources and require careful review and assessment in order to accurately and reliably draw conclusions about trends over time for most countries. For this reason, trend data for this indicator are not included in UNICEF global databases.","Estimation by Central Statistical Bureau of Latvia, from Civil Registration System",,,EOF,,2023,Y0T4
dataflow,UNICEF:GLOBAL_DATAFLOW(1.0),I,LVA,7,PT_CHLD_Y0T4_REG,_T,2023,100,,PCNT,RP,,,,,Births registered,"While trend data are available, changes in the indicator definitions, age groups covered, as well as the measures and questions used to collect the information have changed over time. These factors affect the comparability of available data sources and require careful review and assessment in order to accurately and reliably draw conclusions about trends over time for most countries. For this reason, trend data for this indicator are not included in UNICEF global databases.","Estimation by Central Statistical Bureau of Latvia, from Civil Registration System",,,EOF,,2023,Y0T4
dataflow,UNICEF:GLOBAL_DATAFLOW(1.0),I,ARM,7,PT_CHLD_Y0T4_REG,F,2016,98.5,,PCNT,RP,,,,,,"While trend data are available, changes in the indicator definitions, age groups covered, as well as the measures and questions used to collect the information have changed over time. These factors affect the comparability of available data sources and require careful review and assessment in order to accurately and reliably draw conclusions about trends over time for most countries. For this reason, trend data for this indicator are not included in UNICEF global databases.",DHS 2015-16,,,EOF,,2015-16,Y0T4
dataflow,UNICEF:GLOBAL_DATAFLOW(1.0),I,ARM,7,PT_CHLD_Y0T4_REG,M,2016,98.9,,PCNT,RP,,,,,,"While trend data are available, changes in the indicator definitions, age groups covered, as well as the measures and questions used to collect the information have changed over time. These factors affect the comparability of available data sources and require careful review and assessment in order to accurately and reliably draw conclusions about trends over time for most countries. For this reason, trend data for this indicator are not included in UNICEF global databases.",DHS 2015-16,,,EOF,,2015-16,Y0T4
dataflow,UNICEF:GLOBAL_DATAFLOW(1.0),I,ARM,7,PT_CHLD_Y0T4_REG,_T,2016,98.7,,PCNT,RP,,,,,,"While trend data are available, changes in the indicator definitions, age groups covered, as well as the measures and questions used to collect the information have changed over time. These factors affect the comparability of available data sources and require careful review and assessment in order to accurately and reliably draw conclusions about trends over time for most countries. For this reason, trend data for this indicator are not included in UNICEF global databases.",DHS 2015-16,,,EOF,,2015-16,Y0T4
dataflow,UNICEF:GLOBAL_DATAFLOW(1.0),I,UNSDG_LDC,0,PT_CHLD_Y0T4_REG,_T,2023,49.205,,PCNT,E,,,,,"Based on 42 countries with a population coverage 97 per cent of the regional population aged 0-4 years. These estimates are based on countries with an available data source within the reference period of 2014 to 2023 and apply a methodology that is detailed in the 2024 UNICEF global report, The Right Start in Life: Global levels and trends in birth registration, 2024 update.","While trend data are available, changes in the indicator definitions, age groups covered, as well as the measures and questions used to collect the information have changed over time. These factors affect the comparability of available data sources and require careful review and assessment in order to accurately and reliably draw conclusions about trends over time for most countries. For this reason, trend data for this indicator are not included in UNICEF global databases.","DHS, MICS, other national surveys, censuses and vital registration systems",,,EOF,,2014-23,Y0T4
dataflow,UNICEF:GLOBAL_DATAFLOW(1.0),I,LBN,4,PT_CHLD_Y0T4_REG,F,2016,98,,PCNT,RP,,,,,Residents of Lebanon Subsample only,"While trend data are available, changes in the indicator definitions, age groups covered, as well as the measures and questions used to collect the information have changed over time. These factors affect the comparability of available data sources and require careful review and assessment in order to accurately and reliably draw conclusions about trends over time for most countries. For this reason, trend data for this indicator are not included in UNICEF global databases.",MICS 2015-16,,,EOF,,2015-16,Y0T4
dataflow,UNICEF:GLOBAL_DATAFLOW(1.0),I,LBN,4,PT_CHLD_Y0T4_REG,M,2016,99.8,,PCNT,RP,,,,,Residents of Lebanon Subsample only,"While trend data are available, changes in the indicator definitions, age groups covered, as well as the measures and questions used to collect the information have changed over time. These factors affect the comparability of available data sources and require careful review and assessment in order to accurately and reliably draw conclusions about trends over time for most countries. For this reason, trend data for this indicator are not included in UNICEF global databases.",MICS 2015-16,,,EOF,,2015-16,Y0T4
dataflow,UNICEF:GLOBAL_DATAFLOW(1.0),I,LBN,4,PT_CHLD_Y0T4_REG,_T,2016,98.9,,PCNT,RP,,,,,Residents of Lebanon Subsample only,"While trend data are available, changes in the indicator definitions, age groups covered, as well as the measures and questions used to collect the information have changed over time. These factors affect the comparability of available data sources and require careful review and assessment in order to accurately and reliably draw conclusions about trends over time for most countries. For this reason, trend data for this indicator are not included in UNICEF global databases.",MICS 2015-16,,,EOF,,2015-16,Y0T4
dataflow,UNICEF:GLOBAL_DATAFLOW(1.0),I,LSO,6,PT_CHLD_Y0T4_REG,F,2024,79.7,,PCNT,RP,,,,,,"While trend data are available, changes in the indicator definitions, age groups covered, as well as the measures and questions used to collect the information have changed over time. These factors affect the comparability of available data sources and require careful review and assessment in order to accurately and reliably draw conclusions about trends over time for most countries. For this reason, trend data for this indicator are not included in UNICEF global databases.",DHS 2023-24,,,EOF,,2023-24,Y0T4
dataflow,UNICEF:GLOBAL_DATAFLOW(1.0),I,LSO,6,PT_CHLD_Y0T4_REG,M,2024,80.4,,PCNT,RP,,,,,,"While trend data are available, changes in the indicator definitions, age groups covered, as well as the measures and questions used to collect the information have changed over time. These factors affect the comparability of available data sources and require careful review and assessment in order to accurately and reliably draw conclusions about trends over time for most countries. For this reason, trend data for this indicator are not included in UNICEF global databases.",DHS 2023-24,,,EOF,,2023-24,Y0T4
dataflow,UNICEF:GLOBAL_DATAFLOW(1.0),I,LSO,6,PT_CHLD_Y0T4_REG,_T,2024,80.1,,PCNT,RP,,,,,,"While trend data are available, changes in the indicator definitions, age groups covered, as well as the measures and questions used to collect the information have changed over time. These factors affect the comparability of available data sources and require careful review and assessment in order to accurately and reliably draw conclusions about trends over time for most countries. For this reason, trend data for this indicator are not included in UNICEF global databases.",DHS 2023-24,,,EOF,,2023-24,Y0T4
dataflow,UNICEF:GLOBAL_DATAFLOW(1.0),I,LBR,2,PT_CHLD_Y0T4_REG,F,2020,65.4,,PCNT,RP,,,,,,"While trend data are available, changes in the indicator definitions, age groups covered, as well as the measures and questions used to collect the information have changed over time. These factors affect the comparability of available data sources and require careful review and assessment in order to accurately and reliably draw conclusions about trends over time for most countries. For this reason, trend data for this indicator are not included in UNICEF global databases.",DHS 2019-20,,,EOF,,2019-20,Y0T4
dataflow,UNICEF:GLOBAL_DATAFLOW(1.0),I,LBR,2,PT_CHLD_Y0T4_REG,M,2020,67.1,,PCNT,RP,,,,,,"While trend data are available, changes in the indicator definitions, age groups covered, as well as the measures and questions used to collect the information have changed over time. These factors affect the comparability of available data sources and require careful review and assessment in order to accurately and reliably draw conclusions about trends over time for most countries. For this reason, trend data for this indicator are not included in UNICEF global databases.",DHS 2019-20,,,EOF,,2019-20,Y0T4
dataflow,UNICEF:GLOBAL_DATAFLOW(1.0),I,LBR,2,PT_CHLD_Y0T4_REG,_T,2020,66.3,,PCNT,RP,,,,,,"While trend data are available, changes in the indicator definitions, age groups covered, as well as the measures and questions used to collect the information have changed over time. These factors affect the comparability of available data sources and require careful review and assessment in order to accurately and reliably draw conclusions about trends over time for most countries. For this reason, trend data for this indicator are not included in UNICEF global databases.",DHS 2019-20,,,EOF,,2019-20,Y0T4
dataflow,UNICEF:GLOBAL_DATAFLOW(1.0),I,LBY,4,PT_CHLD_Y0T4_REG,_T,2025,99.6,,PCNT,RP,,,,,,"While trend data are available, changes in the indicator definitions, age groups covered, as well as the measures and questions used to collect the information have changed over time. These factors affect the comparability of available data sources and require careful review and assessment in order to accurately and reliably draw conclusions about trends over time for most countries. For this reason, trend data for this indicator are not included in UNICEF global databases.",MICS 2024-25,,,EOF,,2024-25,Y0T4
dataflow,UNICEF:GLOBAL_DATAFLOW(1.0),I,LBY,4,PT_CHLD_Y0T4_REG,F,2025,99.6,,PCNT,RP,,,,,,"While trend data are available, changes in the indicator definitions, age groups covered, as well as the measures and questions used to collect the information have changed over time. These factors affect the comparability of available data sources and require careful review and assessment in order to accurately and reliably draw conclusions about trends over time for most countries. For this reason, trend data for this indicator are not included in UNICEF global databases.",MICS 2024-25,,,EOF,,2024-25,Y0T4
dataflow,UNICEF:GLOBAL_DATAFLOW(1.0),I,LBY,4,PT_CHLD_Y0T4_REG,M,2025,99.6,,PCNT,RP,,,,,,"While trend data are available, changes in the indicator definitions, age groups covered, as well as the measures and questions used to collect the information have changed over time. These factors affect the comparability of available data sources and require careful review and assessment in order to accurately and reliably draw conclusions about trends over time for most countries. For this reason, trend data for this indicator are not included in UNICEF global databases.",MICS 2024-25,,,EOF,,2024-25,Y0T4
dataflow,UNICEF:GLOBAL_DATAFLOW(1.0),I,AUS,7,PT_CHLD_Y0T4_REG,F,2023,100,,PCNT,E,,,,,"Estimated coverage of birth registration was obtained on the basis of the reported completeness of the national civil registration system, which estimated at least 90% complete","While trend data are available, changes in the indicator definitions, age groups covered, as well as the measures and questions used to collect the information have changed over time. These factors affect the comparability of available data sources and require careful review and assessment in order to accurately and reliably draw conclusions about trends over time for most countries. For this reason, trend data for this indicator are not included in UNICEF global databases.","UNSD Population and Vital Statistics Report, January 2026",,,EOF,,2023,Y0T4
dataflow,UNICEF:GLOBAL_DATAFLOW(1.0),I,AUS,7,PT_CHLD_Y0T4_REG,M,2023,100,,PCNT,E,,,,,"Estimated coverage of birth registration was obtained on the basis of the reported completeness of the national civil registration system, which estimated at least 90% complete","While trend data are available, changes in the indicator definitions, age groups covered, as well as the measures and questions used to collect the information have changed over time. These factors affect the comparability of available data sources and require careful review and assessment in order to accurately and reliably draw conclusions about trends over time for most countries. For this reason, trend data for this indicator are not included in UNICEF global databases.","UNSD Population and Vital Statistics Report, January 2026",,,EOF,,2023,Y0T4
dataflow,UNICEF:GLOBAL_DATAFLOW(1.0),I,AUS,7,PT_CHLD_Y0T4_REG,_T,2023,100,,PCNT,E,,,,,"Estimated coverage of birth registration was obtained on the basis of the reported completeness of the national civil registration system, which estimated at least 90% complete","While trend data are available, changes in the indicator definitions, age groups covered, as well as the measures and questions used to collect the information have changed over time. These factors affect the comparability of available data sources and require careful review and assessment in order to accurately and reliably draw conclusions about trends over time for most countries. For this reason, trend data for this indicator are not included in UNICEF global databases.","UNSD Population and Vital Statistics Report, January 2026",,,EOF,,2023,Y0T4
dataflow,UNICEF:GLOBAL_DATAFLOW(1.0),I,LIE,7,PT_CHLD_Y0T4_REG,M,2023,100,,PCNT,E,,,,,"Estimated coverage of birth registration was obtained on the basis of the reported completeness of the national civil registration system, which estimated at least 90% complete","While trend data are available, changes in the indicator definitions, age groups covered, as well as the measures and questions used to collect the information have changed over time. These factors affect the comparability of available data sources and require careful review and assessment in order to accurately and reliably draw conclusions about trends over time for most countries. For this reason, trend data for this indicator are not included in UNICEF global databases.","UNSD Population and Vital Statistics Report, January 2026",,,EOF,,2023,Y0T4
dataflow,UNICEF:GLOBAL_DATAFLOW(1.0),I,LIE,7,PT_CHLD_Y0T4_REG,_T,2023,100,,PCNT,E,,,,,"Estimated coverage of birth registration was obtained on the basis of the reported completeness of the national civil registration system, which estimated at least 90% complete","While trend data are available, changes in the indicator definitions, age groups covered, as well as the measures and questions used to collect the information have changed over time. These factors affect the comparability of available data sources and require careful review and assessment in order to accurately and reliably draw conclusions about trends over time for most countries. For this reason, trend data for this indicator are not included in UNICEF global databases.","UNSD Population and Vital Statistics Report, January 2026",,,EOF,,2023,Y0T4
dataflow,UNICEF:GLOBAL_DATAFLOW(1.0),I,LIE,7,PT_CHLD_Y0T4_REG,F,2023,100,,PCNT,E,,,,,"Estimated coverage of birth registration was obtained on the basis of the reported completeness of the national civil registration system, which estimated at least 90% complete","While trend data are available, changes in the indicator definitions, age groups covered, as well as the measures and questions used to collect the information have changed over time. These factors affect the comparability of available data sources and require careful review and assessment in order to accurately and reliably draw conclusions about trends over time for most countries. For this reason, trend data for this indicator are not included in UNICEF global databases.","UNSD Population and Vital Statistics Report, January 2026",,,EOF,,2023,Y0T4
dataflow,UNICEF:GLOBAL_DATAFLOW(1.0),I,LTU,7,PT_CHLD_Y0T4_REG,M,2022,100,,PCNT,RP,,,,,Births registered,"While trend data are available, changes in the indicator definitions, age groups covered, as well as the measures and questions used to collect the information have changed over time. These factors affect the comparability of available data sources and require careful review and assessment in order to accurately and reliably draw conclusions about trends over time for most countries. For this reason, trend data for this indicator are not included in UNICEF global databases.",Statistics Lithuania 2022,,,EOF,,2022,Y0T4
dataflow,UNICEF:GLOBAL_DATAFLOW(1.0),I,LTU,7,PT_CHLD_Y0T4_REG,_T,2022,100,,PCNT,RP,,,,,Births registered,"While trend data are available, changes in the indicator definitions, age groups covered, as well as the measures and questions used to collect the information have changed over time. These factors affect the comparability of available data sources and require careful review and assessment in order to accurately and reliably draw conclusions about trends over time for most countries. For this reason, trend data for this indicator are not included in UNICEF global databases.",Statistics Lithuania 2022,,,EOF,,2022,Y0T4
dataflow,UNICEF:GLOBAL_DATAFLOW(1.0),I,LTU,7,PT_CHLD_Y0T4_REG,F,2022,100,,PCNT,RP,,,,,Births registered,"While trend data are available, changes in the indicator definitions, age groups covered, as well as the measures and questions used to collect the information have changed over time. These factors affect the comparability of available data sources and require careful review and assessment in order to accurately and reliably draw conclusions about trends over time for most countries. For this reason, trend data for this indicator are not included in UNICEF global databases.",Statistics Lithuania 2022,,,EOF,,2022,Y0T4
dataflow,UNICEF:GLOBAL_DATAFLOW(1.0),I,LUX,7,PT_CHLD_Y0T4_REG,_T,2024,100,,PCNT,E,,,,,"Estimated coverage of birth registration was obtained on the basis of the reported completeness of the national civil registration system, which estimated at least 90% complete","While trend data are available, changes in the indicator definitions, age groups covered, as well as the measures and questions used to collect the information have changed over time. These factors affect the comparability of available data sources and require careful review and assessment in order to accurately and reliably draw conclusions about trends over time for most countries. For this reason, trend data for this indicator are not included in UNICEF global databases.","UNSD Population and Vital Statistics Report, January 2026",,,EOF,,2024,Y0T4
dataflow,UNICEF:GLOBAL_DATAFLOW(1.0),I,LUX,7,PT_CHLD_Y0T4_REG,F,2024,100,,PCNT,E,,,,,"Estimated coverage of birth registration was obtained on the basis of the reported completeness of the national civil registration system, which estimated at least 90% complete","While trend data are available, changes in the indicator definitions, age groups covered, as well as the measures and questions used to collect the information have changed over time. These factors affect the comparability of available data sources and require careful review and assessment in order to accurately and reliably draw conclusions about trends over time for most countries. For this reason, trend data for this indicator are not included in UNICEF global databases.","UNSD Population and Vital Statistics Report, January 2026",,,EOF,,2024,Y0T4
dataflow,UNICEF:GLOBAL_DATAFLOW(1.0),I,LUX,7,PT_CHLD_Y0T4_REG,M,2024,100,,PCNT,E,,,,,"Estimated coverage of birth registration was obtained on the basis of the reported completeness of the national civil registration system, which estimated at least 90% complete","While trend data are available, changes in the indicator definitions, age groups covered, as well as the measures and questions used to collect the information have changed over time. These factors affect the comparability of available data sources and require careful review and assessment in order to accurately and reliably draw conclusions about trends over time for most countries. For this reason, trend data for this indicator are not included in UNICEF global databases.","UNSD Population and Vital Statistics Report, January 2026",,,EOF,,2024,Y0T4
dataflow,UNICEF:GLOBAL_DATAFLOW(1.0),I,MDG,0,PT_CHLD_Y0T4_REG,M,2021,73,,PCNT,RP,,,,,,"While trend data are available, changes in the indicator definitions, age groups covered, as well as the measures and questions used to collect the information have changed over time. These factors affect the comparability of available data sources and require careful review and assessment in order to accurately and reliably draw conclusions about trends over time for most countries. For this reason, trend data for this indicator are not included in UNICEF global databases.",DHS 2021,,,EOF,,2021,Y0T4
dataflow,UNICEF:GLOBAL_DATAFLOW(1.0),I,MDG,0,PT_CHLD_Y0T4_REG,_T,2021,73.8,,PCNT,RP,,,,,,"While trend data are available, changes in the indicator definitions, age groups covered, as well as the measures and questions used to collect the information have changed over time. These factors affect the comparability of available data sources and require careful review and assessment in order to accurately and reliably draw conclusions about trends over time for most countries. For this reason, trend data for this indicator are not included in UNICEF global databases.",DHS 2021,,,EOF,,2021,Y0T4
dataflow,UNICEF:GLOBAL_DATAFLOW(1.0),I,MDG,0,PT_CHLD_Y0T4_REG,F,2021,74.6,,PCNT,RP,,,,,,"While trend data are available, changes in the indicator definitions, age groups covered, as well as the measures and questions used to collect the information have changed over time. These factors affect the comparability of available data sources and require careful review and assessment in order to accurately and reliably draw conclusions about trends over time for most countries. For this reason, trend data for this indicator are not included in UNICEF global databases.",DHS 2021,,,EOF,,2021,Y0T4
dataflow,UNICEF:GLOBAL_DATAFLOW(1.0),I,UNSDG_AUSTRALIANEWZEALAND,0,PT_CHLD_Y0T4_REG,_T,2023,100,,PCNT,E,,,,,"Based on 2 countries with a population coverage 100 per cent of the regional population aged 0-4 years. These estimates are based on countries with an available data source within the reference period of 2014 to 2023 and apply a methodology that is detailed in the 2024 UNICEF global report, The Right Start in Life: Global levels and trends in birth registration, 2024 update.","While trend data are available, changes in the indicator definitions, age groups covered, as well as the measures and questions used to collect the information have changed over time. These factors affect the comparability of available data sources and require careful review and assessment in order to accurately and reliably draw conclusions about trends over time for most countries. For this reason, trend data for this indicator are not included in UNICEF global databases.","DHS, MICS, other national surveys, censuses and vital registration systems",,,EOF,,2014-23,Y0T4
dataflow,UNICEF:GLOBAL_DATAFLOW(1.0),I,AUT,7,PT_CHLD_Y0T4_REG,F,2024,100,,PCNT,E,,,,,"Estimated coverage of birth registration was obtained on the basis of the reported completeness of the national civil registration system, which estimated at least 90% complete","While trend data are available, changes in the indicator definitions, age groups covered, as well as the measures and questions used to collect the information have changed over time. These factors affect the comparability of available data sources and require careful review and assessment in order to accurately and reliably draw conclusions about trends over time for most countries. For this reason, trend data for this indicator are not included in UNICEF global databases.","UNSD Population and Vital Statistics Report, January 2026",,,EOF,,2024,Y0T4
dataflow,UNICEF:GLOBAL_DATAFLOW(1.0),I,AUT,7,PT_CHLD_Y0T4_REG,M,2024,100,,PCNT,E,,,,,"Estimated coverage of birth registration was obtained on the basis of the reported completeness of the national civil registration system, which estimated at least 90% complete","While trend data are available, changes in the indicator definitions, age groups covered, as well as the measures and questions used to collect the information have changed over time. These factors affect the comparability of available data sources and require careful review and assessment in order to accurately and reliably draw conclusions about trends over time for most countries. For this reason, trend data for this indicator are not included in UNICEF global databases.","UNSD Population and Vital Statistics Report, January 2026",,,EOF,,2024,Y0T4
dataflow,UNICEF:GLOBAL_DATAFLOW(1.0),I,AUT,7,PT_CHLD_Y0T4_REG,_T,2024,100,,PCNT,E,,,,,"Estimated coverage of birth registration was obtained on the basis of the reported completeness of the national civil registration system, which estimated at least 90% complete","While trend data are available, changes in the indicator definitions, age groups covered, as well as the measures and questions used to collect the information have changed over time. These factors affect the comparability of available data sources and require careful review and assessment in order to accurately and reliably draw conclusions about trends over time for most countries. For this reason, trend data for this indicator are not included in UNICEF global databases.","UNSD Population and Vital Statistics Report, January 2026",,,EOF,,2024,Y0T4
dataflow,UNICEF:GLOBAL_DATAFLOW(1.0),I,MWI,3,PT_CHLD_Y0T4_REG,M,2024,77.9,,PCNT,RP,,,,,,"While trend data are available, changes in the indicator definitions, age groups covered, as well as the measures and questions used to collect the information have changed over time. These factors affect the comparability of available data sources and require careful review and assessment in order to accurately and reliably draw conclusions about trends over time for most countries. For this reason, trend data for this indicator are not included in UNICEF global databases.",DHS 2024,,,EOF,,2024,Y0T4
dataflow,UNICEF:GLOBAL_DATAFLOW(1.0),I,MWI,3,PT_CHLD_Y0T4_REG,_T,2024,78.2,,PCNT,RP,,,,,,"While trend data are available, changes in the indicator definitions, age groups covered, as well as the measures and questions used to collect the information have changed over time. These factors affect the comparability of available data sources and require careful review and assessment in order to accurately and reliably draw conclusions about trends over time for most countries. For this reason, trend data for this indicator are not included in UNICEF global databases.",DHS 2024,,,EOF,,2024,Y0T4
dataflow,UNICEF:GLOBAL_DATAFLOW(1.0),I,MWI,3,PT_CHLD_Y0T4_REG,F,2024,78.5,,PCNT,RP,,,,,,"While trend data are available, changes in the indicator definitions, age groups covered, as well as the measures and questions used to collect the information have changed over time. These factors affect the comparability of available data sources and require careful review and assessment in order to accurately and reliably draw conclusions about trends over time for most countries. For this reason, trend data for this indicator are not included in UNICEF global databases.",DHS 2024,,,EOF,,2024,Y0T4
dataflow,UNICEF:GLOBAL_DATAFLOW(1.0),I,AZE,7,PT_CHLD_Y0T4_REG,_T,2023,100,,PCNT,RP,,,,,Data refer to children with a birth certificate out of those who are registered,"While trend data are available, changes in the indicator definitions, age groups covered, as well as the measures and questions used to collect the information have changed over time. These factors affect the comparability of available data sources and require careful review and assessment in order to accurately and reliably draw conclusions about trends over time for most countries. For this reason, trend data for this indicator are not included in UNICEF global databases.",State Statistical Committee,,,EOF,,2023,Y0T4
dataflow,UNICEF:GLOBAL_DATAFLOW(1.0),I,BHR,4,PT_CHLD_Y0T4_REG,F,2019,100,,PCNT,RP,,,,,,"While trend data are available, changes in the indicator definitions, age groups covered, as well as the measures and questions used to collect the information have changed over time. These factors affect the comparability of available data sources and require careful review and assessment in order to accurately and reliably draw conclusions about trends over time for most countries. For this reason, trend data for this indicator are not included in UNICEF global databases.",Information and e-Government Authority,,,EOF,,2023,Y0T4
dataflow,UNICEF:GLOBAL_DATAFLOW(1.0),I,BHR,4,PT_CHLD_Y0T4_REG,_T,2019,100,,PCNT,RP,,,,,,"While trend data are available, changes in the indicator definitions, age groups covered, as well as the measures and questions used to collect the information have changed over time. These factors affect the comparability of available data sources and require careful review and assessment in order to accurately and reliably draw conclusions about trends over time for most countries. For this reason, trend data for this indicator are not included in UNICEF global databases.",Information and e-Government Authority,,,EOF,,2023,Y0T4
dataflow,UNICEF:GLOBAL_DATAFLOW(1.0),I,BHR,4,PT_CHLD_Y0T4_REG,M,2019,100,,PCNT,RP,,,,,,"While trend data are available, changes in the indicator definitions, age groups covered, as well as the measures and questions used to collect the information have changed over time. These factors affect the comparability of available data sources and require careful review and assessment in order to accurately and reliably draw conclusions about trends over time for most countries. For this reason, trend data for this indicator are not included in UNICEF global databases.",Information and e-Government Authority,,,EOF,,2023,Y0T4
dataflow,UNICEF:GLOBAL_DATAFLOW(1.0),I,BGD,5,PT_CHLD_Y0T4_REG,F,2025,59,,PCNT,RP,,,,,,"While trend data are available, changes in the indicator definitions, age groups covered, as well as the measures and questions used to collect the information have changed over time. These factors affect the comparability of available data sources and require careful review and assessment in order to accurately and reliably draw conclusions about trends over time for most countries. For this reason, trend data for this indicator are not included in UNICEF global databases.",MICS 2025,,,EOF,,2025,Y0T4
dataflow,UNICEF:GLOBAL_DATAFLOW(1.0),I,BGD,5,PT_CHLD_Y0T4_REG,M,2025,60,,PCNT,RP,,,,,,"While trend data are available, changes in the indicator definitions, age groups covered, as well as the measures and questions used to collect the information have changed over time. These factors affect the comparability of available data sources and require careful review and assessment in order to accurately and reliably draw conclusions about trends over time for most countries. For this reason, trend data for this indicator are not included in UNICEF global databases.",MICS 2025,,,EOF,,2025,Y0T4
dataflow,UNICEF:GLOBAL_DATAFLOW(1.0),I,BGD,5,PT_CHLD_Y0T4_REG,_T,2025,59.1,,PCNT,RP,,,,,,"While trend data are available, changes in the indicator definitions, age groups covered, as well as the measures and questions used to collect the information have changed over time. These factors affect the comparability of available data sources and require careful review and assessment in order to accurately and reliably draw conclusions about trends over time for most countries. For this reason, trend data for this indicator are not included in UNICEF global databases.",MICS 2025,,,EOF,,2025,Y0T4
dataflow,UNICEF:GLOBAL_DATAFLOW(1.0),I,MYS,6,PT_CHLD_Y0T4_REG,_T,2022,97.7,,PCNT,RP,,,,,Births registered,"While trend data are available, changes in the indicator definitions, age groups covered, as well as the measures and questions used to collect the information have changed over time. These factors affect the comparability of available data sources and require careful review and assessment in order to accurately and reliably draw conclusions about trends over time for most countries. For this reason, trend data for this indicator are not included in UNICEF global databases.","National Registration Department, Department of Statistics Malaysia 2022",,,EOF,,2022,Y0T4
dataflow,UNICEF:GLOBAL_DATAFLOW(1.0),I,MDV,5,PT_CHLD_Y0T4_REG,_T,2017,98.8,,PCNT,RP,,,,,,"While trend data are available, changes in the indicator definitions, age groups covered, as well as the measures and questions used to collect the information have changed over time. These factors affect the comparability of available data sources and require careful review and assessment in order to accurately and reliably draw conclusions about trends over time for most countries. For this reason, trend data for this indicator are not included in UNICEF global databases.",DHS 2016-17,,,EOF,,2016-17,Y0T4
dataflow,UNICEF:GLOBAL_DATAFLOW(1.0),I,MDV,5,PT_CHLD_Y0T4_REG,F,2017,99.1,,PCNT,RP,,,,,,"While trend data are available, changes in the indicator definitions, age groups covered, as well as the measures and questions used to collect the information have changed over time. These factors affect the comparability of available data sources and require careful review and assessment in order to accurately and reliably draw conclusions about trends over time for most countries. For this reason, trend data for this indicator are not included in UNICEF global databases.",DHS 2016-17,,,EOF,,2016-17,Y0T4
dataflow,UNICEF:GLOBAL_DATAFLOW(1.0),I,MDV,5,PT_CHLD_Y0T4_REG,M,2017,98.5,,PCNT,RP,,,,,,"While trend data are available, changes in the indicator definitions, age groups covered, as well as the measures and questions used to collect the information have changed over time. These factors affect the comparability of available data sources and require careful review and assessment in order to accurately and reliably draw conclusions about trends over time for most countries. For this reason, trend data for this indicator are not included in UNICEF global databases.",DHS 2016-17,,,EOF,,2016-17,Y0T4
dataflow,UNICEF:GLOBAL_DATAFLOW(1.0),I,MLI,2,PT_CHLD_Y0T4_REG,_T,2024,89.2,,PCNT,RP,,,,,"Due to security concerns, only secure and accessible clusters were surveyed, especially in Kidal and Ménaka.","While trend data are available, changes in the indicator definitions, age groups covered, as well as the measures and questions used to collect the information have changed over time. These factors affect the comparability of available data sources and require careful review and assessment in order to accurately and reliably draw conclusions about trends over time for most countries. For this reason, trend data for this indicator are not included in UNICEF global databases.",DHS 2023-24,,,EOF,,2023-24,Y0T4
dataflow,UNICEF:GLOBAL_DATAFLOW(1.0),I,MLI,2,PT_CHLD_Y0T4_REG,M,2024,90,,PCNT,RP,,,,,"Due to security concerns, only secure and accessible clusters were surveyed, especially in Kidal and Ménaka.","While trend data are available, changes in the indicator definitions, age groups covered, as well as the measures and questions used to collect the information have changed over time. These factors affect the comparability of available data sources and require careful review and assessment in order to accurately and reliably draw conclusions about trends over time for most countries. For this reason, trend data for this indicator are not included in UNICEF global databases.",DHS 2023-24,,,EOF,,2023-24,Y0T4
dataflow,UNICEF:GLOBAL_DATAFLOW(1.0),I,MLI,2,PT_CHLD_Y0T4_REG,F,2024,88.4,,PCNT,RP,,,,,"Due to security concerns, only secure and accessible clusters were surveyed, especially in Kidal and Ménaka.","While trend data are available, changes in the indicator definitions, age groups covered, as well as the measures and questions used to collect the information have changed over time. These factors affect the comparability of available data sources and require careful review and assessment in order to accurately and reliably draw conclusions about trends over time for most countries. For this reason, trend data for this indicator are not included in UNICEF global databases.",DHS 2023-24,,,EOF,,2023-24,Y0T4
dataflow,UNICEF:GLOBAL_DATAFLOW(1.0),I,MLT,7,PT_CHLD_Y0T4_REG,M,2023,100,,PCNT,E,,,,,"Estimated coverage of birth registration was obtained on the basis of the reported completeness of the national civil registration system, which estimated at least 90% complete","While trend data are available, changes in the indicator definitions, age groups covered, as well as the measures and questions used to collect the information have changed over time. These factors affect the comparability of available data sources and require careful review and assessment in order to accurately and reliably draw conclusions about trends over time for most countries. For this reason, trend data for this indicator are not included in UNICEF global databases.","UNSD Population and Vital Statistics Report, January 2026",,,EOF,,2023,Y0T4
dataflow,UNICEF:GLOBAL_DATAFLOW(1.0),I,MLT,7,PT_CHLD_Y0T4_REG,_T,2023,100,,PCNT,E,,,,,"Estimated coverage of birth registration was obtained on the basis of the reported completeness of the national civil registration system, which estimated at least 90% complete","While trend data are available, changes in the indicator definitions, age groups covered, as well as the measures and questions used to collect the information have changed over time. These factors affect the comparability of available data sources and require careful review and assessment in order to accurately and reliably draw conclusions about trends over time for most countries. For this reason, trend data for this indicator are not included in UNICEF global databases.","UNSD Population and Vital Statistics Report, January 2026",,,EOF,,2023,Y0T4
dataflow,UNICEF:GLOBAL_DATAFLOW(1.0),I,MLT,7,PT_CHLD_Y0T4_REG,F,2023,100,,PCNT,E,,,,,"Estimated coverage of birth registration was obtained on the basis of the reported completeness of the national civil registration system, which estimated at least 90% complete","While trend data are available, changes in the indicator definitions, age groups covered, as well as the measures and questions used to collect the information have changed over time. These factors affect the comparability of available data sources and require careful review and assessment in order to accurately and reliably draw conclusions about trends over time for most countries. For this reason, trend data for this indicator are not included in UNICEF global databases.","UNSD Population and Vital Statistics Report, January 2026",,,EOF,,2023,Y0T4
dataflow,UNICEF:GLOBAL_DATAFLOW(1.0),I,MHL,7,PT_CHLD_Y0T4_REG,F,2017,82.3,,PCNT,RP,,,,,,"While trend data are available, changes in the indicator definitions, age groups covered, as well as the measures and questions used to collect the information have changed over time. These factors affect the comparability of available data sources and require careful review and assessment in order to accurately and reliably draw conclusions about trends over time for most countries. For this reason, trend data for this indicator are not included in UNICEF global databases.",ICHNS 2017,,,EOF,,2017,Y0T4
dataflow,UNICEF:GLOBAL_DATAFLOW(1.0),I,MHL,7,PT_CHLD_Y0T4_REG,_T,2017,83.8,,PCNT,RP,,,,,,"While trend data are available, changes in the indicator definitions, age groups covered, as well as the measures and questions used to collect the information have changed over time. These factors affect the comparability of available data sources and require careful review and assessment in order to accurately and reliably draw conclusions about trends over time for most countries. For this reason, trend data for this indicator are not included in UNICEF global databases.",ICHNS 2017,,,EOF,,2017,Y0T4
dataflow,UNICEF:GLOBAL_DATAFLOW(1.0),I,MHL,7,PT_CHLD_Y0T4_REG,M,2017,85.1,,PCNT,RP,,,,,,"While trend data are available, changes in the indicator definitions, age groups covered, as well as the measures and questions used to collect the information have changed over time. These factors affect the comparability of available data sources and require careful review and assessment in order to accurately and reliably draw conclusions about trends over time for most countries. For this reason, trend data for this indicator are not included in UNICEF global databases.",ICHNS 2017,,,EOF,,2017,Y0T4
dataflow,UNICEF:GLOBAL_DATAFLOW(1.0),I,MRT,2,PT_CHLD_Y0T4_REG,F,2021,44.2,,PCNT,RP,,,,,,"While trend data are available, changes in the indicator definitions, age groups covered, as well as the measures and questions used to collect the information have changed over time. These factors affect the comparability of available data sources and require careful review and assessment in order to accurately and reliably draw conclusions about trends over time for most countries. For this reason, trend data for this indicator are not included in UNICEF global databases.",DHS 2019-21,,,EOF,,2019-21,Y0T4
dataflow,UNICEF:GLOBAL_DATAFLOW(1.0),I,MRT,2,PT_CHLD_Y0T4_REG,_T,2021,44.8,,PCNT,RP,,,,,,"While trend data are available, changes in the indicator definitions, age groups covered, as well as the measures and questions used to collect the information have changed over time. These factors affect the comparability of available data sources and require careful review and assessment in order to accurately and reliably draw conclusions about trends over time for most countries. For this reason, trend data for this indicator are not included in UNICEF global databases.",DHS 2019-21,,,EOF,,2019-21,Y0T4
dataflow,UNICEF:GLOBAL_DATAFLOW(1.0),I,MRT,2,PT_CHLD_Y0T4_REG,M,2021,45.3,,PCNT,RP,,,,,,"While trend data are available, changes in the indicator definitions, age groups covered, as well as the measures and questions used to collect the information have changed over time. These factors affect the comparability of available data sources and require careful review and assessment in order to accurately and reliably draw conclusions about trends over time for most countries. For this reason, trend data for this indicator are not included in UNICEF global databases.",DHS 2019-21,,,EOF,,2019-21,Y0T4
dataflow,UNICEF:GLOBAL_DATAFLOW(1.0),I,BLR,7,PT_CHLD_Y0T4_REG,F,2024,100,,PCNT,RP,,,,,Births registered,"While trend data are available, changes in the indicator definitions, age groups covered, as well as the measures and questions used to collect the information have changed over time. These factors affect the comparability of available data sources and require careful review and assessment in order to accurately and reliably draw conclusions about trends over time for most countries. For this reason, trend data for this indicator are not included in UNICEF global databases.",National Statistical Committee,,,EOF,,2024,Y0T4
dataflow,UNICEF:GLOBAL_DATAFLOW(1.0),I,BLR,7,PT_CHLD_Y0T4_REG,_T,2024,100,,PCNT,RP,,,,,Births registered,"While trend data are available, changes in the indicator definitions, age groups covered, as well as the measures and questions used to collect the information have changed over time. These factors affect the comparability of available data sources and require careful review and assessment in order to accurately and reliably draw conclusions about trends over time for most countries. For this reason, trend data for this indicator are not included in UNICEF global databases.",National Statistical Committee,,,EOF,,2024,Y0T4
dataflow,UNICEF:GLOBAL_DATAFLOW(1.0),I,BLR,7,PT_CHLD_Y0T4_REG,M,2024,100,,PCNT,RP,,,,,Births registered,"While trend data are available, changes in the indicator definitions, age groups covered, as well as the measures and questions used to collect the information have changed over time. These factors affect the comparability of available data sources and require careful review and assessment in order to accurately and reliably draw conclusions about trends over time for most countries. For this reason, trend data for this indicator are not included in UNICEF global databases.",National Statistical Committee,,,EOF,,2024,Y0T4
dataflow,UNICEF:GLOBAL_DATAFLOW(1.0),I,BEL,7,PT_CHLD_Y0T4_REG,F,2024,100,,PCNT,E,,,,,"Estimated coverage of birth registration was obtained on the basis of the reported completeness of the national civil registration system, which estimated at least 90% complete","While trend data are available, changes in the indicator definitions, age groups covered, as well as the measures and questions used to collect the information have changed over time. These factors affect the comparability of available data sources and require careful review and assessment in order to accurately and reliably draw conclusions about trends over time for most countries. For this reason, trend data for this indicator are not included in UNICEF global databases.","UNSD Population and Vital Statistics Report, January 2026",,,EOF,,2024,Y0T4
dataflow,UNICEF:GLOBAL_DATAFLOW(1.0),I,BEL,7,PT_CHLD_Y0T4_REG,M,2024,100,,PCNT,E,,,,,"Estimated coverage of birth registration was obtained on the basis of the reported completeness of the national civil registration system, which estimated at least 90% complete","While trend data are available, changes in the indicator definitions, age groups covered, as well as the measures and questions used to collect the information have changed over time. These factors affect the comparability of available data sources and require careful review and assessment in order to accurately and reliably draw conclusions about trends over time for most countries. For this reason, trend data for this indicator are not included in UNICEF global databases.","UNSD Population and Vital Statistics Report, January 2026",,,EOF,,2024,Y0T4
dataflow,UNICEF:GLOBAL_DATAFLOW(1.0),I,BEL,7,PT_CHLD_Y0T4_REG,_T,2024,100,,PCNT,E,,,,,"Estimated coverage of birth registration was obtained on the basis of the reported completeness of the national civil registration system, which estimated at least 90% complete","While trend data are available, changes in the indicator definitions, age groups covered, as well as the measures and questions used to collect the information have changed over time. These factors affect the comparability of available data sources and require careful review and assessment in order to accurately and reliably draw conclusions about trends over time for most countries. For this reason, trend data for this indicator are not included in UNICEF global databases.","UNSD Population and Vital Statistics Report, January 2026",,,EOF,,2024,Y0T4
dataflow,UNICEF:GLOBAL_DATAFLOW(1.0),I,BLZ,1,PT_CHLD_Y0T4_REG,F,2016,96.1,,PCNT,RP,,,,,,"While trend data are available, changes in the indicator definitions, age groups covered, as well as the measures and questions used to collect the information have changed over time. These factors affect the comparability of available data sources and require careful review and assessment in order to accurately and reliably draw conclusions about trends over time for most countries. For this reason, trend data for this indicator are not included in UNICEF global databases.",MICS 2015-16,,,EOF,,2015-16,Y0T4
dataflow,UNICEF:GLOBAL_DATAFLOW(1.0),I,BLZ,1,PT_CHLD_Y0T4_REG,_T,2016,95.7,,PCNT,RP,,,,,,"While trend data are available, changes in the indicator definitions, age groups covered, as well as the measures and questions used to collect the information have changed over time. These factors affect the comparability of available data sources and require careful review and assessment in order to accurately and reliably draw conclusions about trends over time for most countries. For this reason, trend data for this indicator are not included in UNICEF global databases.",MICS 2015-16,,,EOF,,2015-16,Y0T4
dataflow,UNICEF:GLOBAL_DATAFLOW(1.0),I,BLZ,1,PT_CHLD_Y0T4_REG,M,2016,95.3,,PCNT,RP,,,,,,"While trend data are available, changes in the indicator definitions, age groups covered, as well as the measures and questions used to collect the information have changed over time. These factors affect the comparability of available data sources and require careful review and assessment in order to accurately and reliably draw conclusions about trends over time for most countries. For this reason, trend data for this indicator are not included in UNICEF global databases.",MICS 2015-16,,,EOF,,2015-16,Y0T4
dataflow,UNICEF:GLOBAL_DATAFLOW(1.0),I,MEX,1,PT_CHLD_Y0T4_REG,M,2023,93.8,,PCNT,RP,,,,,,"While trend data are available, changes in the indicator definitions, age groups covered, as well as the measures and questions used to collect the information have changed over time. These factors affect the comparability of available data sources and require careful review and assessment in order to accurately and reliably draw conclusions about trends over time for most countries. For this reason, trend data for this indicator are not included in UNICEF global databases.",ENADID 2023,,,EOF,,2023,Y0T4
dataflow,UNICEF:GLOBAL_DATAFLOW(1.0),I,MEX,1,PT_CHLD_Y0T4_REG,_T,2023,93.9,,PCNT,RP,,,,,,"While trend data are available, changes in the indicator definitions, age groups covered, as well as the measures and questions used to collect the information have changed over time. These factors affect the comparability of available data sources and require careful review and assessment in order to accurately and reliably draw conclusions about trends over time for most countries. For this reason, trend data for this indicator are not included in UNICEF global databases.",ENADID 2023,,,EOF,,2023,Y0T4
dataflow,UNICEF:GLOBAL_DATAFLOW(1.0),I,MEX,1,PT_CHLD_Y0T4_REG,F,2023,93.9,,PCNT,RP,,,,,,"While trend data are available, changes in the indicator definitions, age groups covered, as well as the measures and questions used to collect the information have changed over time. These factors affect the comparability of available data sources and require careful review and assessment in order to accurately and reliably draw conclusions about trends over time for most countries. For this reason, trend data for this indicator are not included in UNICEF global databases.",ENADID 2023,,,EOF,,2023,Y0T4
dataflow,UNICEF:GLOBAL_DATAFLOW(1.0),I,BEN,2,PT_CHLD_Y0T4_REG,F,2022,92.3,,PCNT,RP,,,,,Two clusters could not be visited due to insecurity and evictions during the field work period,"While trend data are available, changes in the indicator definitions, age groups covered, as well as the measures and questions used to collect the information have changed over time. These factors affect the comparability of available data sources and require careful review and assessment in order to accurately and reliably draw conclusions about trends over time for most countries. For this reason, trend data for this indicator are not included in UNICEF global databases.",MICS 2021-22,,,EOF,,2021-22,Y0T4
dataflow,UNICEF:GLOBAL_DATAFLOW(1.0),I,BEN,2,PT_CHLD_Y0T4_REG,M,2022,92.8,,PCNT,RP,,,,,Two clusters could not be visited due to insecurity and evictions during the field work period,"While trend data are available, changes in the indicator definitions, age groups covered, as well as the measures and questions used to collect the information have changed over time. These factors affect the comparability of available data sources and require careful review and assessment in order to accurately and reliably draw conclusions about trends over time for most countries. For this reason, trend data for this indicator are not included in UNICEF global databases.",MICS 2021-22,,,EOF,,2021-22,Y0T4
dataflow,UNICEF:GLOBAL_DATAFLOW(1.0),I,BEN,2,PT_CHLD_Y0T4_REG,_T,2022,92.6,,PCNT,RP,,,,,Two clusters could not be visited due to insecurity and evictions during the field work period,"While trend data are available, changes in the indicator definitions, age groups covered, as well as the measures and questions used to collect the information have changed over time. These factors affect the comparability of available data sources and require careful review and assessment in order to accurately and reliably draw conclusions about trends over time for most countries. For this reason, trend data for this indicator are not included in UNICEF global databases.",MICS 2021-22,,,EOF,,2021-22,Y0T4
dataflow,UNICEF:GLOBAL_DATAFLOW(1.0),I,UNICEF_MENA,0,PT_CHLD_Y0T4_REG,_T,2023,89.33,,PCNT,E,,,,,"Based on 16 countries with a population coverage 93 per cent of the regional population aged 0-4 years. These estimates are based on countries with an available data source within the reference period of 2014 to 2023 and apply a methodology that is detailed in the 2024 UNICEF global report, The Right Start in Life: Global levels and trends in birth registration, 2024 update.","While trend data are available, changes in the indicator definitions, age groups covered, as well as the measures and questions used to collect the information have changed over time. These factors affect the comparability of available data sources and require careful review and assessment in order to accurately and reliably draw conclusions about trends over time for most countries. For this reason, trend data for this indicator are not included in UNICEF global databases.","DHS, MICS, other national surveys, censuses and vital registration systems",,,EOF,,2014-23,Y0T4
dataflow,UNICEF:GLOBAL_DATAFLOW(1.0),I,BOL,1,PT_CHLD_Y0T4_REG,F,2023,95.3,,PCNT,RA,,,,,Data refer only to children with a birth certificate,"While trend data are available, changes in the indicator definitions, age groups covered, as well as the measures and questions used to collect the information have changed over time. These factors affect the comparability of available data sources and require careful review and assessment in order to accurately and reliably draw conclusions about trends over time for most countries. For this reason, trend data for this indicator are not included in UNICEF global databases.",EDSA 2023,,,EOF,,2023,Y0T4
dataflow,UNICEF:GLOBAL_DATAFLOW(1.0),I,BOL,1,PT_CHLD_Y0T4_REG,_T,2023,95.6,,PCNT,RA,,,,,Data refer only to children with a birth certificate,"While trend data are available, changes in the indicator definitions, age groups covered, as well as the measures and questions used to collect the information have changed over time. These factors affect the comparability of available data sources and require careful review and assessment in order to accurately and reliably draw conclusions about trends over time for most countries. For this reason, trend data for this indicator are not included in UNICEF global databases.",EDSA 2023,,,EOF,,2023,Y0T4
dataflow,UNICEF:GLOBAL_DATAFLOW(1.0),I,BOL,1,PT_CHLD_Y0T4_REG,M,2023,95.8,,PCNT,RA,,,,,Data refer only to children with a birth certificate,"While trend data are available, changes in the indicator definitions, age groups covered, as well as the measures and questions used to collect the information have changed over time. These factors affect the comparability of available data sources and require careful review and assessment in order to accurately and reliably draw conclusions about trends over time for most countries. For this reason, trend data for this indicator are not included in UNICEF global databases.",EDSA 2023,,,EOF,,2023,Y0T4
dataflow,UNICEF:GLOBAL_DATAFLOW(1.0),I,MCO,4,PT_CHLD_Y0T4_REG,F,2020,100,,PCNT,E,,,,,Estimated coverage of birth registration was obtained on the basis of the reported completeness of the national civil registration system,"While trend data are available, changes in the indicator definitions, age groups covered, as well as the measures and questions used to collect the information have changed over time. These factors affect the comparability of available data sources and require careful review and assessment in order to accurately and reliably draw conclusions about trends over time for most countries. For this reason, trend data for this indicator are not included in UNICEF global databases.","UNSD Population and Vital Statistics Report, January 2021, latest update on 4 Jan 2022",,,EOF,,2020,Y0T4
dataflow,UNICEF:GLOBAL_DATAFLOW(1.0),I,MCO,4,PT_CHLD_Y0T4_REG,M,2020,100,,PCNT,E,,,,,Estimated coverage of birth registration was obtained on the basis of the reported completeness of the national civil registration system,"While trend data are available, changes in the indicator definitions, age groups covered, as well as the measures and questions used to collect the information have changed over time. These factors affect the comparability of available data sources and require careful review and assessment in order to accurately and reliably draw conclusions about trends over time for most countries. For this reason, trend data for this indicator are not included in UNICEF global databases.","UNSD Population and Vital Statistics Report, January 2021, latest update on 4 Jan 2022",,,EOF,,2020,Y0T4
dataflow,UNICEF:GLOBAL_DATAFLOW(1.0),I,MCO,4,PT_CHLD_Y0T4_REG,_T,2020,100,,PCNT,E,,,,,Estimated coverage of birth registration was obtained on the basis of the reported completeness of the national civil registration system,"While trend data are available, changes in the indicator definitions, age groups covered, as well as the measures and questions used to collect the information have changed over time. These factors affect the comparability of available data sources and require careful review and assessment in order to accurately and reliably draw conclusions about trends over time for most countries. For this reason, trend data for this indicator are not included in UNICEF global databases.","UNSD Population and Vital Statistics Report, January 2021, latest update on 4 Jan 2022",,,EOF,,2020,Y0T4
dataflow,UNICEF:GLOBAL_DATAFLOW(1.0),I,MNG,6,PT_CHLD_Y0T4_REG,F,2018,99.6,,PCNT,RP,,,,,,"While trend data are available, changes in the indicator definitions, age groups covered, as well as the measures and questions used to collect the information have changed over time. These factors affect the comparability of available data sources and require careful review and assessment in order to accurately and reliably draw conclusions about trends over time for most countries. For this reason, trend data for this indicator are not included in UNICEF global databases.",MICS 2018,,,EOF,,2018,Y0T4
dataflow,UNICEF:GLOBAL_DATAFLOW(1.0),I,MNG,6,PT_CHLD_Y0T4_REG,_T,2018,99.6,,PCNT,RP,,,,,,"While trend data are available, changes in the indicator definitions, age groups covered, as well as the measures and questions used to collect the information have changed over time. These factors affect the comparability of available data sources and require careful review and assessment in order to accurately and reliably draw conclusions about trends over time for most countries. For this reason, trend data for this indicator are not included in UNICEF global databases.",MICS 2018,,,EOF,,2018,Y0T4
dataflow,UNICEF:GLOBAL_DATAFLOW(1.0),I,MNG,6,PT_CHLD_Y0T4_REG,M,2018,99.6,,PCNT,RP,,,,,,"While trend data are available, changes in the indicator definitions, age groups covered, as well as the measures and questions used to collect the information have changed over time. These factors affect the comparability of available data sources and require careful review and assessment in order to accurately and reliably draw conclusions about trends over time for most countries. For this reason, trend data for this indicator are not included in UNICEF global databases.",MICS 2018,,,EOF,,2018,Y0T4
dataflow,UNICEF:GLOBAL_DATAFLOW(1.0),I,BWA,3,PT_CHLD_Y0T4_REG,F,2021,100,,PCNT,RP,,,,,Births registered,"While trend data are available, changes in the indicator definitions, age groups covered, as well as the measures and questions used to collect the information have changed over time. These factors affect the comparability of available data sources and require careful review and assessment in order to accurately and reliably draw conclusions about trends over time for most countries. For this reason, trend data for this indicator are not included in UNICEF global databases.",Vital statistics 2021,,,EOF,,2021,Y0T4
dataflow,UNICEF:GLOBAL_DATAFLOW(1.0),I,BWA,3,PT_CHLD_Y0T4_REG,_T,2021,100,,PCNT,RP,,,,,Births registered,"While trend data are available, changes in the indicator definitions, age groups covered, as well as the measures and questions used to collect the information have changed over time. These factors affect the comparability of available data sources and require careful review and assessment in order to accurately and reliably draw conclusions about trends over time for most countries. For this reason, trend data for this indicator are not included in UNICEF global databases.",Vital statistics 2021,,,EOF,,2021,Y0T4
dataflow,UNICEF:GLOBAL_DATAFLOW(1.0),I,BWA,3,PT_CHLD_Y0T4_REG,M,2021,100,,PCNT,RP,,,,,Births registered,"While trend data are available, changes in the indicator definitions, age groups covered, as well as the measures and questions used to collect the information have changed over time. These factors affect the comparability of available data sources and require careful review and assessment in order to accurately and reliably draw conclusions about trends over time for most countries. For this reason, trend data for this indicator are not included in UNICEF global databases.",Vital statistics 2021,,,EOF,,2021,Y0T4
dataflow,UNICEF:GLOBAL_DATAFLOW(1.0),I,MSR,3,PT_CHLD_Y0T4_REG,_T,2017,100,,PCNT,RP,,,,,Births registered,"While trend data are available, changes in the indicator definitions, age groups covered, as well as the measures and questions used to collect the information have changed over time. These factors affect the comparability of available data sources and require careful review and assessment in order to accurately and reliably draw conclusions about trends over time for most countries. For this reason, trend data for this indicator are not included in UNICEF global databases.","National Civil Authority, Registry Department, 2017",,,EOF,,2017,Y0T4
dataflow,UNICEF:GLOBAL_DATAFLOW(1.0),I,MSR,3,PT_CHLD_Y0T4_REG,F,2017,100,,PCNT,RP,,,,,Births registered,"While trend data are available, changes in the indicator definitions, age groups covered, as well as the measures and questions used to collect the information have changed over time. These factors affect the comparability of available data sources and require careful review and assessment in order to accurately and reliably draw conclusions about trends over time for most countries. For this reason, trend data for this indicator are not included in UNICEF global databases.","National Civil Authority, Registry Department, 2017",,,EOF,,2017,Y0T4
dataflow,UNICEF:GLOBAL_DATAFLOW(1.0),I,MSR,3,PT_CHLD_Y0T4_REG,M,2017,100,,PCNT,RP,,,,,Births registered,"While trend data are available, changes in the indicator definitions, age groups covered, as well as the measures and questions used to collect the information have changed over time. These factors affect the comparability of available data sources and require careful review and assessment in order to accurately and reliably draw conclusions about trends over time for most countries. For this reason, trend data for this indicator are not included in UNICEF global databases.","National Civil Authority, Registry Department, 2017",,,EOF,,2017,Y0T4
dataflow,UNICEF:GLOBAL_DATAFLOW(1.0),I,MAR,2,PT_CHLD_Y0T4_REG,_T,2018,96.9,,PCNT,RP,,,,,Data refers to live births that occurred in the five years preceding the survey that were registered,"While trend data are available, changes in the indicator definitions, age groups covered, as well as the measures and questions used to collect the information have changed over time. These factors affect the comparability of available data sources and require careful review and assessment in order to accurately and reliably draw conclusions about trends over time for most countries. For this reason, trend data for this indicator are not included in UNICEF global databases.",ENPSF 2018,,,EOF,,2018,Y0T4
dataflow,UNICEF:GLOBAL_DATAFLOW(1.0),I,MAR,2,PT_CHLD_Y0T4_REG,M,2018,96.8,,PCNT,RP,,,,,Data refers to live births that occurred in the five years preceding the survey that were registered,"While trend data are available, changes in the indicator definitions, age groups covered, as well as the measures and questions used to collect the information have changed over time. These factors affect the comparability of available data sources and require careful review and assessment in order to accurately and reliably draw conclusions about trends over time for most countries. For this reason, trend data for this indicator are not included in UNICEF global databases.",ENPSF 2018,,,EOF,,2018,Y0T4
dataflow,UNICEF:GLOBAL_DATAFLOW(1.0),I,MAR,2,PT_CHLD_Y0T4_REG,F,2018,97,,PCNT,RP,,,,,Data refers to live births that occurred in the five years preceding the survey that were registered,"While trend data are available, changes in the indicator definitions, age groups covered, as well as the measures and questions used to collect the information have changed over time. These factors affect the comparability of available data sources and require careful review and assessment in order to accurately and reliably draw conclusions about trends over time for most countries. For this reason, trend data for this indicator are not included in UNICEF global databases.",ENPSF 2018,,,EOF,,2018,Y0T4
dataflow,UNICEF:GLOBAL_DATAFLOW(1.0),I,MOZ,3,PT_CHLD_Y0T4_REG,M,2023,32,,PCNT,RP,,,,,Two selected EAs in rural areas of Cabo Delgado and Zambezia provinces were not visited due to security concerns.,"While trend data are available, changes in the indicator definitions, age groups covered, as well as the measures and questions used to collect the information have changed over time. These factors affect the comparability of available data sources and require careful review and assessment in order to accurately and reliably draw conclusions about trends over time for most countries. For this reason, trend data for this indicator are not included in UNICEF global databases.",DHS 2022-23,,,EOF,,2022-23,Y0T4
dataflow,UNICEF:GLOBAL_DATAFLOW(1.0),I,MOZ,3,PT_CHLD_Y0T4_REG,_T,2023,31.3,,PCNT,RP,,,,,Two selected EAs in rural areas of Cabo Delgado and Zambezia provinces were not visited due to security concerns.,"While trend data are available, changes in the indicator definitions, age groups covered, as well as the measures and questions used to collect the information have changed over time. These factors affect the comparability of available data sources and require careful review and assessment in order to accurately and reliably draw conclusions about trends over time for most countries. For this reason, trend data for this indicator are not included in UNICEF global databases.",DHS 2022-23,,,EOF,,2022-23,Y0T4
dataflow,UNICEF:GLOBAL_DATAFLOW(1.0),I,MOZ,3,PT_CHLD_Y0T4_REG,F,2023,30.7,,PCNT,RP,,,,,Two selected EAs in rural areas of Cabo Delgado and Zambezia provinces were not visited due to security concerns.,"While trend data are available, changes in the indicator definitions, age groups covered, as well as the measures and questions used to collect the information have changed over time. These factors affect the comparability of available data sources and require careful review and assessment in order to accurately and reliably draw conclusions about trends over time for most countries. For this reason, trend data for this indicator are not included in UNICEF global databases.",DHS 2022-23,,,EOF,,2022-23,Y0T4
dataflow,UNICEF:GLOBAL_DATAFLOW(1.0),I,MMR,6,PT_CHLD_Y0T4_REG,F,2016,80.6,,PCNT,RP,,,,,,"While trend data are available, changes in the indicator definitions, age groups covered, as well as the measures and questions used to collect the information have changed over time. These factors affect the comparability of available data sources and require careful review and assessment in order to accurately and reliably draw conclusions about trends over time for most countries. For this reason, trend data for this indicator are not included in UNICEF global databases.",DHS 2015-16,,,EOF,,2015-16,Y0T4
dataflow,UNICEF:GLOBAL_DATAFLOW(1.0),I,MMR,6,PT_CHLD_Y0T4_REG,_T,2016,81.3,,PCNT,RP,,,,,,"While trend data are available, changes in the indicator definitions, age groups covered, as well as the measures and questions used to collect the information have changed over time. These factors affect the comparability of available data sources and require careful review and assessment in order to accurately and reliably draw conclusions about trends over time for most countries. For this reason, trend data for this indicator are not included in UNICEF global databases.",DHS 2015-16,,,EOF,,2015-16,Y0T4
dataflow,UNICEF:GLOBAL_DATAFLOW(1.0),I,MMR,6,PT_CHLD_Y0T4_REG,M,2016,81.9,,PCNT,RP,,,,,,"While trend data are available, changes in the indicator definitions, age groups covered, as well as the measures and questions used to collect the information have changed over time. These factors affect the comparability of available data sources and require careful review and assessment in order to accurately and reliably draw conclusions about trends over time for most countries. For this reason, trend data for this indicator are not included in UNICEF global databases.",DHS 2015-16,,,EOF,,2015-16,Y0T4
dataflow,UNICEF:GLOBAL_DATAFLOW(1.0),I,NAM,3,PT_CHLD_Y0T4_REG,_T,2016,78.1,,PCNT,RP,,,,,Data refers only to children with a Namibian and non-Namibian birth certificate,"While trend data are available, changes in the indicator definitions, age groups covered, as well as the measures and questions used to collect the information have changed over time. These factors affect the comparability of available data sources and require careful review and assessment in order to accurately and reliably draw conclusions about trends over time for most countries. For this reason, trend data for this indicator are not included in UNICEF global databases.",Intercensal Survey 2016,,,EOF,,2016,Y0T4
dataflow,UNICEF:GLOBAL_DATAFLOW(1.0),I,NRU,6,PT_CHLD_Y0T4_REG,_T,2023,99.1,,PCNT,RP,,,,,,"While trend data are available, changes in the indicator definitions, age groups covered, as well as the measures and questions used to collect the information have changed over time. These factors affect the comparability of available data sources and require careful review and assessment in order to accurately and reliably draw conclusions about trends over time for most countries. For this reason, trend data for this indicator are not included in UNICEF global databases.",MICS 2023,,,EOF,,2023,Y0T4
dataflow,UNICEF:GLOBAL_DATAFLOW(1.0),I,NRU,6,PT_CHLD_Y0T4_REG,M,2023,98.4,,PCNT,RP,,,,,,"While trend data are available, changes in the indicator definitions, age groups covered, as well as the measures and questions used to collect the information have changed over time. These factors affect the comparability of available data sources and require careful review and assessment in order to accurately and reliably draw conclusions about trends over time for most countries. For this reason, trend data for this indicator are not included in UNICEF global databases.",MICS 2023,,,EOF,,2023,Y0T4
dataflow,UNICEF:GLOBAL_DATAFLOW(1.0),I,NRU,6,PT_CHLD_Y0T4_REG,F,2023,100,,PCNT,RP,,,,,,"While trend data are available, changes in the indicator definitions, age groups covered, as well as the measures and questions used to collect the information have changed over time. These factors affect the comparability of available data sources and require careful review and assessment in order to accurately and reliably draw conclusions about trends over time for most countries. For this reason, trend data for this indicator are not included in UNICEF global databases.",MICS 2023,,,EOF,,2023,Y0T4
dataflow,UNICEF:GLOBAL_DATAFLOW(1.0),I,NPL,5,PT_CHLD_Y0T4_REG,M,2022,74.4,,PCNT,RP,,,,,,"While trend data are available, changes in the indicator definitions, age groups covered, as well as the measures and questions used to collect the information have changed over time. These factors affect the comparability of available data sources and require careful review and assessment in order to accurately and reliably draw conclusions about trends over time for most countries. For this reason, trend data for this indicator are not included in UNICEF global databases.",DHS 2022,,,EOF,,2022,Y0T4
dataflow,UNICEF:GLOBAL_DATAFLOW(1.0),I,NPL,5,PT_CHLD_Y0T4_REG,_T,2022,73.2,,PCNT,RP,,,,,,"While trend data are available, changes in the indicator definitions, age groups covered, as well as the measures and questions used to collect the information have changed over time. These factors affect the comparability of available data sources and require careful review and assessment in order to accurately and reliably draw conclusions about trends over time for most countries. For this reason, trend data for this indicator are not included in UNICEF global databases.",DHS 2022,,,EOF,,2022,Y0T4
dataflow,UNICEF:GLOBAL_DATAFLOW(1.0),I,NPL,5,PT_CHLD_Y0T4_REG,F,2022,71.8,,PCNT,RP,,,,,,"While trend data are available, changes in the indicator definitions, age groups covered, as well as the measures and questions used to collect the information have changed over time. These factors affect the comparability of available data sources and require careful review and assessment in order to accurately and reliably draw conclusions about trends over time for most countries. For this reason, trend data for this indicator are not included in UNICEF global databases.",DHS 2022,,,EOF,,2022,Y0T4
dataflow,UNICEF:GLOBAL_DATAFLOW(1.0),I,NLD,7,PT_CHLD_Y0T4_REG,_T,2024,100,,PCNT,E,,,,,"Estimated coverage of birth registration was obtained on the basis of the reported completeness of the national civil registration system, which estimated at least 90% complete","While trend data are available, changes in the indicator definitions, age groups covered, as well as the measures and questions used to collect the information have changed over time. These factors affect the comparability of available data sources and require careful review and assessment in order to accurately and reliably draw conclusions about trends over time for most countries. For this reason, trend data for this indicator are not included in UNICEF global databases.","UNSD Population and Vital Statistics Report, January 2026",,,EOF,,2024,Y0T4
dataflow,UNICEF:GLOBAL_DATAFLOW(1.0),I,NLD,7,PT_CHLD_Y0T4_REG,F,2024,100,,PCNT,E,,,,,"Estimated coverage of birth registration was obtained on the basis of the reported completeness of the national civil registration system, which estimated at least 90% complete","While trend data are available, changes in the indicator definitions, age groups covered, as well as the measures and questions used to collect the information have changed over time. These factors affect the comparability of available data sources and require careful review and assessment in order to accurately and reliably draw conclusions about trends over time for most countries. For this reason, trend data for this indicator are not included in UNICEF global databases.","UNSD Population and Vital Statistics Report, January 2026",,,EOF,,2024,Y0T4
dataflow,UNICEF:GLOBAL_DATAFLOW(1.0),I,NLD,7,PT_CHLD_Y0T4_REG,M,2024,100,,PCNT,E,,,,,"Estimated coverage of birth registration was obtained on the basis of the reported completeness of the national civil registration system, which estimated at least 90% complete","While trend data are available, changes in the indicator definitions, age groups covered, as well as the measures and questions used to collect the information have changed over time. These factors affect the comparability of available data sources and require careful review and assessment in order to accurately and reliably draw conclusions about trends over time for most countries. For this reason, trend data for this indicator are not included in UNICEF global databases.","UNSD Population and Vital Statistics Report, January 2026",,,EOF,,2024,Y0T4
dataflow,UNICEF:GLOBAL_DATAFLOW(1.0),I,NZL,7,PT_CHLD_Y0T4_REG,M,2024,100,,PCNT,E,,,,,"Estimated coverage of birth registration was obtained on the basis of the reported completeness of the national civil registration system, which estimated at least 90% complete","While trend data are available, changes in the indicator definitions, age groups covered, as well as the measures and questions used to collect the information have changed over time. These factors affect the comparability of available data sources and require careful review and assessment in order to accurately and reliably draw conclusions about trends over time for most countries. For this reason, trend data for this indicator are not included in UNICEF global databases.","UNSD Population and Vital Statistics Report, January 2026",,,EOF,,2024,Y0T4
dataflow,UNICEF:GLOBAL_DATAFLOW(1.0),I,NZL,7,PT_CHLD_Y0T4_REG,_T,2024,100,,PCNT,E,,,,,"Estimated coverage of birth registration was obtained on the basis of the reported completeness of the national civil registration system, which estimated at least 90% complete","While trend data are available, changes in the indicator definitions, age groups covered, as well as the measures and questions used to collect the information have changed over time. These factors affect the comparability of available data sources and require careful review and assessment in order to accurately and reliably draw conclusions about trends over time for most countries. For this reason, trend data for this indicator are not included in UNICEF global databases.","UNSD Population and Vital Statistics Report, January 2026",,,EOF,,2024,Y0T4
dataflow,UNICEF:GLOBAL_DATAFLOW(1.0),I,NZL,7,PT_CHLD_Y0T4_REG,F,2024,100,,PCNT,E,,,,,"Estimated coverage of birth registration was obtained on the basis of the reported completeness of the national civil registration system, which estimated at least 90% complete","While trend data are available, changes in the indicator definitions, age groups covered, as well as the measures and questions used to collect the information have changed over time. These factors affect the comparability of available data sources and require careful review and assessment in order to accurately and reliably draw conclusions about trends over time for most countries. For this reason, trend data for this indicator are not included in UNICEF global databases.","UNSD Population and Vital Statistics Report, January 2026",,,EOF,,2024,Y0T4
dataflow,UNICEF:GLOBAL_DATAFLOW(1.0),I,NER,7,PT_CHLD_Y0T4_REG,F,2021,64.8,,PCNT,RP,,,,,"An entire Bilma department and the rural areas of the department of Arlit of the Agadez region were excluded from the sample. Also of the Diffa region, the entire department of Bosso, the communes of Gueskerou, Toumour and Kablewa were excluded due to security reasons. In the region of Tillabéri, the departments of entire Banibangou and Gothèye, the Sanam and Kourfèye Center communes were excluded and the excluded populations in total represent 3.3% of the total population of Niger","While trend data are available, changes in the indicator definitions, age groups covered, as well as the measures and questions used to collect the information have changed over time. These factors affect the comparability of available data sources and require careful review and assessment in order to accurately and reliably draw conclusions about trends over time for most countries. For this reason, trend data for this indicator are not included in UNICEF global databases.",ENAFEME 2021,,,EOF,,2021,Y0T4
dataflow,UNICEF:GLOBAL_DATAFLOW(1.0),I,NER,7,PT_CHLD_Y0T4_REG,M,2021,66.9,,PCNT,RP,,,,,"An entire Bilma department and the rural areas of the department of Arlit of the Agadez region were excluded from the sample. Also of the Diffa region, the entire department of Bosso, the communes of Gueskerou, Toumour and Kablewa were excluded due to security reasons. In the region of Tillabéri, the departments of entire Banibangou and Gothèye, the Sanam and Kourfèye Center communes were excluded and the excluded populations in total represent 3.3% of the total population of Niger","While trend data are available, changes in the indicator definitions, age groups covered, as well as the measures and questions used to collect the information have changed over time. These factors affect the comparability of available data sources and require careful review and assessment in order to accurately and reliably draw conclusions about trends over time for most countries. For this reason, trend data for this indicator are not included in UNICEF global databases.",ENAFEME 2021,,,EOF,,2021,Y0T4
dataflow,UNICEF:GLOBAL_DATAFLOW(1.0),I,NER,7,PT_CHLD_Y0T4_REG,_T,2021,65.9,,PCNT,RP,,,,,"An entire Bilma department and the rural areas of the department of Arlit of the Agadez region were excluded from the sample. Also of the Diffa region, the entire department of Bosso, the communes of Gueskerou, Toumour and Kablewa were excluded due to security reasons. In the region of Tillabéri, the departments of entire Banibangou and Gothèye, the Sanam and Kourfèye Center communes were excluded and the excluded populations in total represent 3.3% of the total population of Niger","While trend data are available, changes in the indicator definitions, age groups covered, as well as the measures and questions used to collect the information have changed over time. These factors affect the comparability of available data sources and require careful review and assessment in order to accurately and reliably draw conclusions about trends over time for most countries. For this reason, trend data for this indicator are not included in UNICEF global databases.",ENAFEME 2021,,,EOF,,2021,Y0T4
dataflow,UNICEF:GLOBAL_DATAFLOW(1.0),I,BRN,6,PT_CHLD_Y0T4_REG,_T,2020,99.9,,PCNT,RP,,,,,Births registered,"While trend data are available, changes in the indicator definitions, age groups covered, as well as the measures and questions used to collect the information have changed over time. These factors affect the comparability of available data sources and require careful review and assessment in order to accurately and reliably draw conclusions about trends over time for most countries. For this reason, trend data for this indicator are not included in UNICEF global databases.","Vital registration, Immigration and National Registration Department 2020",,,EOF,,2020,Y0T4
dataflow,UNICEF:GLOBAL_DATAFLOW(1.0),I,NGA,2,PT_CHLD_Y0T4_REG,_T,2024,39.7,,PCNT,RP,,,,,"Due to insecurity concerns, some parts of states, including  Zamfara (10 clusters), Katsina (one cluster), Borno (three clusters), Kaduna (one cluster), Niger (one cluster), Benue (two clusters), and Imo (two clusters), were not visited","While trend data are available, changes in the indicator definitions, age groups covered, as well as the measures and questions used to collect the information have changed over time. These factors affect the comparability of available data sources and require careful review and assessment in order to accurately and reliably draw conclusions about trends over time for most countries. For this reason, trend data for this indicator are not included in UNICEF global databases.",DHS 2023-24,,,EOF,,2023-24,Y0T4
dataflow,UNICEF:GLOBAL_DATAFLOW(1.0),I,NGA,2,PT_CHLD_Y0T4_REG,F,2024,39.3,,PCNT,RP,,,,,"Due to insecurity concerns, some parts of states, including  Zamfara (10 clusters), Katsina (one cluster), Borno (three clusters), Kaduna (one cluster), Niger (one cluster), Benue (two clusters), and Imo (two clusters), were not visited","While trend data are available, changes in the indicator definitions, age groups covered, as well as the measures and questions used to collect the information have changed over time. These factors affect the comparability of available data sources and require careful review and assessment in order to accurately and reliably draw conclusions about trends over time for most countries. For this reason, trend data for this indicator are not included in UNICEF global databases.",DHS 2023-24,,,EOF,,2023-24,Y0T4
dataflow,UNICEF:GLOBAL_DATAFLOW(1.0),I,NGA,2,PT_CHLD_Y0T4_REG,M,2024,40,,PCNT,RP,,,,,"Due to insecurity concerns, some parts of states, including  Zamfara (10 clusters), Katsina (one cluster), Borno (three clusters), Kaduna (one cluster), Niger (one cluster), Benue (two clusters), and Imo (two clusters), were not visited","While trend data are available, changes in the indicator definitions, age groups covered, as well as the measures and questions used to collect the information have changed over time. These factors affect the comparability of available data sources and require careful review and assessment in order to accurately and reliably draw conclusions about trends over time for most countries. For this reason, trend data for this indicator are not included in UNICEF global databases.",DHS 2023-24,,,EOF,,2023-24,Y0T4
dataflow,UNICEF:GLOBAL_DATAFLOW(1.0),I,BGR,3,PT_CHLD_Y0T4_REG,F,2024,100,,PCNT,E,,,,,"Estimated coverage of birth registration was obtained on the basis of the reported completeness of the national civil registration system, which estimated at least 90% complete","While trend data are available, changes in the indicator definitions, age groups covered, as well as the measures and questions used to collect the information have changed over time. These factors affect the comparability of available data sources and require careful review and assessment in order to accurately and reliably draw conclusions about trends over time for most countries. For this reason, trend data for this indicator are not included in UNICEF global databases.","UNSD Population and Vital Statistics Report, January 2026",,,EOF,,2024,Y0T4
dataflow,UNICEF:GLOBAL_DATAFLOW(1.0),I,BGR,3,PT_CHLD_Y0T4_REG,M,2024,100,,PCNT,E,,,,,"Estimated coverage of birth registration was obtained on the basis of the reported completeness of the national civil registration system, which estimated at least 90% complete","While trend data are available, changes in the indicator definitions, age groups covered, as well as the measures and questions used to collect the information have changed over time. These factors affect the comparability of available data sources and require careful review and assessment in order to accurately and reliably draw conclusions about trends over time for most countries. For this reason, trend data for this indicator are not included in UNICEF global databases.","UNSD Population and Vital Statistics Report, January 2026",,,EOF,,2024,Y0T4
dataflow,UNICEF:GLOBAL_DATAFLOW(1.0),I,BGR,3,PT_CHLD_Y0T4_REG,_T,2024,100,,PCNT,E,,,,,"Estimated coverage of birth registration was obtained on the basis of the reported completeness of the national civil registration system, which estimated at least 90% complete","While trend data are available, changes in the indicator definitions, age groups covered, as well as the measures and questions used to collect the information have changed over time. These factors affect the comparability of available data sources and require careful review and assessment in order to accurately and reliably draw conclusions about trends over time for most countries. For this reason, trend data for this indicator are not included in UNICEF global databases.","UNSD Population and Vital Statistics Report, January 2026",,,EOF,,2024,Y0T4
dataflow,UNICEF:GLOBAL_DATAFLOW(1.0),I,BFA,2,PT_CHLD_Y0T4_REG,F,2021,84.6,,PCNT,RP,,,,,"Some parts of Boucle Du Mouhoun, Cascades, Center North, East, North and Sahel could not be visited due to insecurity","While trend data are available, changes in the indicator definitions, age groups covered, as well as the measures and questions used to collect the information have changed over time. These factors affect the comparability of available data sources and require careful review and assessment in order to accurately and reliably draw conclusions about trends over time for most countries. For this reason, trend data for this indicator are not included in UNICEF global databases.",DHS 2021,,,EOF,,2021,Y0T4
dataflow,UNICEF:GLOBAL_DATAFLOW(1.0),I,BFA,2,PT_CHLD_Y0T4_REG,_T,2021,84.8,,PCNT,RP,,,,,"Some parts of Boucle Du Mouhoun, Cascades, Center North, East, North and Sahel could not be visited due to insecurity","While trend data are available, changes in the indicator definitions, age groups covered, as well as the measures and questions used to collect the information have changed over time. These factors affect the comparability of available data sources and require careful review and assessment in order to accurately and reliably draw conclusions about trends over time for most countries. For this reason, trend data for this indicator are not included in UNICEF global databases.",DHS 2021,,,EOF,,2021,Y0T4
dataflow,UNICEF:GLOBAL_DATAFLOW(1.0),I,BFA,2,PT_CHLD_Y0T4_REG,M,2021,85,,PCNT,RP,,,,,"Some parts of Boucle Du Mouhoun, Cascades, Center North, East, North and Sahel could not be visited due to insecurity","While trend data are available, changes in the indicator definitions, age groups covered, as well as the measures and questions used to collect the information have changed over time. These factors affect the comparability of available data sources and require careful review and assessment in order to accurately and reliably draw conclusions about trends over time for most countries. For this reason, trend data for this indicator are not included in UNICEF global databases.",DHS 2021,,,EOF,,2021,Y0T4
dataflow,UNICEF:GLOBAL_DATAFLOW(1.0),I,UNICEF_NA,0,PT_CHLD_Y0T4_REG,_T,2023,100,,PCNT,E,,,,,"Based on 2 countries with a population coverage 100 per cent of the regional population aged 0-4 years. These estimates are based on countries with an available data source within the reference period of 2014 to 2023 and apply a methodology that is detailed in the 2024 UNICEF global report, The Right Start in Life: Global levels and trends in birth registration, 2024 update.","While trend data are available, changes in the indicator definitions, age groups covered, as well as the measures and questions used to collect the information have changed over time. These factors affect the comparability of available data sources and require careful review and assessment in order to accurately and reliably draw conclusions about trends over time for most countries. For this reason, trend data for this indicator are not included in UNICEF global databases.","DHS, MICS, other national surveys, censuses and vital registration systems",,,EOF,,2014-23,Y0T4
dataflow,UNICEF:GLOBAL_DATAFLOW(1.0),I,BDI,3,PT_CHLD_Y0T4_REG,F,2017,83.3,,PCNT,RP,,,,,,"While trend data are available, changes in the indicator definitions, age groups covered, as well as the measures and questions used to collect the information have changed over time. These factors affect the comparability of available data sources and require careful review and assessment in order to accurately and reliably draw conclusions about trends over time for most countries. For this reason, trend data for this indicator are not included in UNICEF global databases.",DHS 2016-17,,,EOF,,2016-17,Y0T4
dataflow,UNICEF:GLOBAL_DATAFLOW(1.0),I,BDI,3,PT_CHLD_Y0T4_REG,_T,2017,83.5,,PCNT,RP,,,,,,"While trend data are available, changes in the indicator definitions, age groups covered, as well as the measures and questions used to collect the information have changed over time. These factors affect the comparability of available data sources and require careful review and assessment in order to accurately and reliably draw conclusions about trends over time for most countries. For this reason, trend data for this indicator are not included in UNICEF global databases.",DHS 2016-17,,,EOF,,2016-17,Y0T4
dataflow,UNICEF:GLOBAL_DATAFLOW(1.0),I,BDI,3,PT_CHLD_Y0T4_REG,M,2017,83.7,,PCNT,RP,,,,,,"While trend data are available, changes in the indicator definitions, age groups covered, as well as the measures and questions used to collect the information have changed over time. These factors affect the comparability of available data sources and require careful review and assessment in order to accurately and reliably draw conclusions about trends over time for most countries. For this reason, trend data for this indicator are not included in UNICEF global databases.",DHS 2016-17,,,EOF,,2016-17,Y0T4
dataflow,UNICEF:GLOBAL_DATAFLOW(1.0),I,MKD,3,PT_CHLD_Y0T4_REG,_T,2019,99.8,,PCNT,RP,,,,,,"While trend data are available, changes in the indicator definitions, age groups covered, as well as the measures and questions used to collect the information have changed over time. These factors affect the comparability of available data sources and require careful review and assessment in order to accurately and reliably draw conclusions about trends over time for most countries. For this reason, trend data for this indicator are not included in UNICEF global databases.",MICS 2018-19,,,EOF,,2018-19,Y0T4
dataflow,UNICEF:GLOBAL_DATAFLOW(1.0),I,MKD,3,PT_CHLD_Y0T4_REG,F,2019,100,,PCNT,RP,,,,,,"While trend data are available, changes in the indicator definitions, age groups covered, as well as the measures and questions used to collect the information have changed over time. These factors affect the comparability of available data sources and require careful review and assessment in order to accurately and reliably draw conclusions about trends over time for most countries. For this reason, trend data for this indicator are not included in UNICEF global databases.",MICS 2018-19,,,EOF,,2018-19,Y0T4
dataflow,UNICEF:GLOBAL_DATAFLOW(1.0),I,MKD,3,PT_CHLD_Y0T4_REG,M,2019,99.7,,PCNT,RP,,,,,,"While trend data are available, changes in the indicator definitions, age groups covered, as well as the measures and questions used to collect the information have changed over time. These factors affect the comparability of available data sources and require careful review and assessment in order to accurately and reliably draw conclusions about trends over time for most countries. For this reason, trend data for this indicator are not included in UNICEF global databases.",MICS 2018-19,,,EOF,,2018-19,Y0T4
dataflow,UNICEF:GLOBAL_DATAFLOW(1.0),I,AU_NORTHERN_AFRICA,0,PT_CHLD_Y0T4_REG,_T,2023,96.771,,PCNT,E,,,,,"Based on 5 countries with a population coverage 97 per cent of the regional population aged 0-4 years. These estimates are based on countries with an available data source within the reference period of 2014 to 2023 and apply a methodology that is detailed in the 2024 UNICEF global report, The Right Start in Life: Global levels and trends in birth registration, 2024 update.","While trend data are available, changes in the indicator definitions, age groups covered, as well as the measures and questions used to collect the information have changed over time. These factors affect the comparability of available data sources and require careful review and assessment in order to accurately and reliably draw conclusions about trends over time for most countries. For this reason, trend data for this indicator are not included in UNICEF global databases.","DHS, MICS, other national surveys, censuses and vital registration systems",,,EOF,,2014-23,Y0T4
dataflow,UNICEF:GLOBAL_DATAFLOW(1.0),I,UNSDG_NORTHAFR,0,PT_CHLD_Y0T4_REG,_T,2023,90.269,,PCNT,E,,,,,"Based on 5 countries with a population coverage 98 per cent of the regional population aged 0-4 years. These estimates are based on countries with an available data source within the reference period of 2014 to 2023 and apply a methodology that is detailed in the 2024 UNICEF global report, The Right Start in Life: Global levels and trends in birth registration, 2024 update.","While trend data are available, changes in the indicator definitions, age groups covered, as well as the measures and questions used to collect the information have changed over time. These factors affect the comparability of available data sources and require careful review and assessment in order to accurately and reliably draw conclusions about trends over time for most countries. For this reason, trend data for this indicator are not included in UNICEF global databases.","DHS, MICS, other national surveys, censuses and vital registration systems",,,EOF,,2014-23,Y0T4
dataflow,UNICEF:GLOBAL_DATAFLOW(1.0),I,KHM,6,PT_CHLD_Y0T4_REG,M,2022,91.7,,PCNT,RP,,,,,,"While trend data are available, changes in the indicator definitions, age groups covered, as well as the measures and questions used to collect the information have changed over time. These factors affect the comparability of available data sources and require careful review and assessment in order to accurately and reliably draw conclusions about trends over time for most countries. For this reason, trend data for this indicator are not included in UNICEF global databases.",DHS 2021-22,,,EOF,,2021-22,Y0T4
dataflow,UNICEF:GLOBAL_DATAFLOW(1.0),I,KHM,6,PT_CHLD_Y0T4_REG,_T,2022,91.7,,PCNT,RP,,,,,,"While trend data are available, changes in the indicator definitions, age groups covered, as well as the measures and questions used to collect the information have changed over time. These factors affect the comparability of available data sources and require careful review and assessment in order to accurately and reliably draw conclusions about trends over time for most countries. For this reason, trend data for this indicator are not included in UNICEF global databases.",DHS 2021-22,,,EOF,,2021-22,Y0T4
dataflow,UNICEF:GLOBAL_DATAFLOW(1.0),I,KHM,6,PT_CHLD_Y0T4_REG,F,2022,91.6,,PCNT,RP,,,,,,"While trend data are available, changes in the indicator definitions, age groups covered, as well as the measures and questions used to collect the information have changed over time. These factors affect the comparability of available data sources and require careful review and assessment in order to accurately and reliably draw conclusions about trends over time for most countries. For this reason, trend data for this indicator are not included in UNICEF global databases.",DHS 2021-22,,,EOF,,2021-22,Y0T4
dataflow,UNICEF:GLOBAL_DATAFLOW(1.0),I,UNSDG_WESTERNASIANORTHERNAFR,0,PT_CHLD_Y0T4_REG,_T,2023,86.166,,PCNT,E,,,,,"Based on 20 countries with a population coverage 93 per cent of the regional population aged 0-4 years. These estimates are based on countries with an available data source within the reference period of 2014 to 2023 and apply a methodology that is detailed in the 2024 UNICEF global report, The Right Start in Life: Global levels and trends in birth registration, 2024 update.","While trend data are available, changes in the indicator definitions, age groups covered, as well as the measures and questions used to collect the information have changed over time. These factors affect the comparability of available data sources and require careful review and assessment in order to accurately and reliably draw conclusions about trends over time for most countries. For this reason, trend data for this indicator are not included in UNICEF global databases.","DHS, MICS, other national surveys, censuses and vital registration systems",,,EOF,,2014-23,Y0T4
dataflow,UNICEF:GLOBAL_DATAFLOW(1.0),I,UNSDG_NORTHERNAMR,0,PT_CHLD_Y0T4_REG,_T,2023,100,,PCNT,E,,,,,"Based on 2 countries with a population coverage 100 per cent of the regional population aged 0-4 years. These estimates are based on countries with an available data source within the reference period of 2014 to 2023 and apply a methodology that is detailed in the 2024 UNICEF global report, The Right Start in Life: Global levels and trends in birth registration, 2024 update.","While trend data are available, changes in the indicator definitions, age groups covered, as well as the measures and questions used to collect the information have changed over time. These factors affect the comparability of available data sources and require careful review and assessment in order to accurately and reliably draw conclusions about trends over time for most countries. For this reason, trend data for this indicator are not included in UNICEF global databases.","DHS, MICS, other national surveys, censuses and vital registration systems",,,EOF,,2014-23,Y0T4
dataflow,UNICEF:GLOBAL_DATAFLOW(1.0),I,CMR,2,PT_CHLD_Y0T4_REG,M,2018,62.1,,PCNT,RP,,,,,,"While trend data are available, changes in the indicator definitions, age groups covered, as well as the measures and questions used to collect the information have changed over time. These factors affect the comparability of available data sources and require careful review and assessment in order to accurately and reliably draw conclusions about trends over time for most countries. For this reason, trend data for this indicator are not included in UNICEF global databases.",DHS 2018,,,EOF,,2018,Y0T4
dataflow,UNICEF:GLOBAL_DATAFLOW(1.0),I,CMR,2,PT_CHLD_Y0T4_REG,_T,2018,61.9,,PCNT,RP,,,,,,"While trend data are available, changes in the indicator definitions, age groups covered, as well as the measures and questions used to collect the information have changed over time. These factors affect the comparability of available data sources and require careful review and assessment in order to accurately and reliably draw conclusions about trends over time for most countries. For this reason, trend data for this indicator are not included in UNICEF global databases.",DHS 2018,,,EOF,,2018,Y0T4
dataflow,UNICEF:GLOBAL_DATAFLOW(1.0),I,CMR,2,PT_CHLD_Y0T4_REG,F,2018,61.8,,PCNT,RP,,,,,,"While trend data are available, changes in the indicator definitions, age groups covered, as well as the measures and questions used to collect the information have changed over time. These factors affect the comparability of available data sources and require careful review and assessment in order to accurately and reliably draw conclusions about trends over time for most countries. For this reason, trend data for this indicator are not included in UNICEF global databases.",DHS 2018,,,EOF,,2018,Y0T4
dataflow,UNICEF:GLOBAL_DATAFLOW(1.0),I,CAN,7,PT_CHLD_Y0T4_REG,M,2023,100,,PCNT,E,,,,,"Estimated coverage of birth registration was obtained on the basis of the reported completeness of the national civil registration system, which estimated at least 90% complete","While trend data are available, changes in the indicator definitions, age groups covered, as well as the measures and questions used to collect the information have changed over time. These factors affect the comparability of available data sources and require careful review and assessment in order to accurately and reliably draw conclusions about trends over time for most countries. For this reason, trend data for this indicator are not included in UNICEF global databases.","UNSD Population and Vital Statistics Report, January 2026",,,EOF,,2023,Y0T4
dataflow,UNICEF:GLOBAL_DATAFLOW(1.0),I,CAN,7,PT_CHLD_Y0T4_REG,F,2023,100,,PCNT,E,,,,,"Estimated coverage of birth registration was obtained on the basis of the reported completeness of the national civil registration system, which estimated at least 90% complete","While trend data are available, changes in the indicator definitions, age groups covered, as well as the measures and questions used to collect the information have changed over time. These factors affect the comparability of available data sources and require careful review and assessment in order to accurately and reliably draw conclusions about trends over time for most countries. For this reason, trend data for this indicator are not included in UNICEF global databases.","UNSD Population and Vital Statistics Report, January 2026",,,EOF,,2023,Y0T4
dataflow,UNICEF:GLOBAL_DATAFLOW(1.0),I,CAN,7,PT_CHLD_Y0T4_REG,_T,2023,100,,PCNT,E,,,,,"Estimated coverage of birth registration was obtained on the basis of the reported completeness of the national civil registration system, which estimated at least 90% complete","While trend data are available, changes in the indicator definitions, age groups covered, as well as the measures and questions used to collect the information have changed over time. These factors affect the comparability of available data sources and require careful review and assessment in order to accurately and reliably draw conclusions about trends over time for most countries. For this reason, trend data for this indicator are not included in UNICEF global databases.","UNSD Population and Vital Statistics Report, January 2026",,,EOF,,2023,Y0T4
dataflow,UNICEF:GLOBAL_DATAFLOW(1.0),I,NOR,7,PT_CHLD_Y0T4_REG,_T,2024,100,,PCNT,E,,,,,"Estimated coverage of birth registration was obtained on the basis of the reported completeness of the national civil registration system, which estimated at least 90% complete","While trend data are available, changes in the indicator definitions, age groups covered, as well as the measures and questions used to collect the information have changed over time. These factors affect the comparability of available data sources and require careful review and assessment in order to accurately and reliably draw conclusions about trends over time for most countries. For this reason, trend data for this indicator are not included in UNICEF global databases.","UNSD Population and Vital Statistics Report, January 2026",,,EOF,,2024,Y0T4
dataflow,UNICEF:GLOBAL_DATAFLOW(1.0),I,NOR,7,PT_CHLD_Y0T4_REG,M,2024,100,,PCNT,E,,,,,"Estimated coverage of birth registration was obtained on the basis of the reported completeness of the national civil registration system, which estimated at least 90% complete","While trend data are available, changes in the indicator definitions, age groups covered, as well as the measures and questions used to collect the information have changed over time. These factors affect the comparability of available data sources and require careful review and assessment in order to accurately and reliably draw conclusions about trends over time for most countries. For this reason, trend data for this indicator are not included in UNICEF global databases.","UNSD Population and Vital Statistics Report, January 2026",,,EOF,,2024,Y0T4
dataflow,UNICEF:GLOBAL_DATAFLOW(1.0),I,NOR,7,PT_CHLD_Y0T4_REG,F,2024,100,,PCNT,E,,,,,"Estimated coverage of birth registration was obtained on the basis of the reported completeness of the national civil registration system, which estimated at least 90% complete","While trend data are available, changes in the indicator definitions, age groups covered, as well as the measures and questions used to collect the information have changed over time. These factors affect the comparability of available data sources and require careful review and assessment in order to accurately and reliably draw conclusions about trends over time for most countries. For this reason, trend data for this indicator are not included in UNICEF global databases.","UNSD Population and Vital Statistics Report, January 2026",,,EOF,,2024,Y0T4
dataflow,UNICEF:GLOBAL_DATAFLOW(1.0),I,AU_CENTRAL_AFRICA,0,PT_CHLD_Y0T4_REG,_T,2023,46.839,,PCNT,E,,,,,"Based on 8 countries with a population coverage 99 per cent of the regional population aged 0-4 years. These estimates are based on countries with an available data source within the reference period of 2014 to 2023 and apply a methodology that is detailed in the 2024 UNICEF global report, The Right Start in Life: Global levels and trends in birth registration, 2024 update.","While trend data are available, changes in the indicator definitions, age groups covered, as well as the measures and questions used to collect the information have changed over time. These factors affect the comparability of available data sources and require careful review and assessment in order to accurately and reliably draw conclusions about trends over time for most countries. For this reason, trend data for this indicator are not included in UNICEF global databases.","DHS, MICS, other national surveys, censuses and vital registration systems",,,EOF,,2014-23,Y0T4
dataflow,UNICEF:GLOBAL_DATAFLOW(1.0),I,CAF,2,PT_CHLD_Y0T4_REG,M,2019,45.5,,PCNT,RP,,,,,,"While trend data are available, changes in the indicator definitions, age groups covered, as well as the measures and questions used to collect the information have changed over time. These factors affect the comparability of available data sources and require careful review and assessment in order to accurately and reliably draw conclusions about trends over time for most countries. For this reason, trend data for this indicator are not included in UNICEF global databases.",MICS 2018-19,,,EOF,,2018-19,Y0T4
dataflow,UNICEF:GLOBAL_DATAFLOW(1.0),I,CAF,2,PT_CHLD_Y0T4_REG,_T,2019,44.8,,PCNT,RP,,,,,,"While trend data are available, changes in the indicator definitions, age groups covered, as well as the measures and questions used to collect the information have changed over time. These factors affect the comparability of available data sources and require careful review and assessment in order to accurately and reliably draw conclusions about trends over time for most countries. For this reason, trend data for this indicator are not included in UNICEF global databases.",MICS 2018-19,,,EOF,,2018-19,Y0T4
dataflow,UNICEF:GLOBAL_DATAFLOW(1.0),I,CAF,2,PT_CHLD_Y0T4_REG,F,2019,44.1,,PCNT,RP,,,,,,"While trend data are available, changes in the indicator definitions, age groups covered, as well as the measures and questions used to collect the information have changed over time. These factors affect the comparability of available data sources and require careful review and assessment in order to accurately and reliably draw conclusions about trends over time for most countries. For this reason, trend data for this indicator are not included in UNICEF global databases.",MICS 2018-19,,,EOF,,2018-19,Y0T4
dataflow,UNICEF:GLOBAL_DATAFLOW(1.0),I,UNSDG_OCEANIA,0,PT_CHLD_Y0T4_REG,_T,2023,66.708,,PCNT,E,,,,,"Based on 11 countries with a population coverage 98 per cent of the regional population aged 0-4 years. These estimates are based on countries with an available data source within the reference period of 2014 to 2023 and apply a methodology that is detailed in the 2024 UNICEF global report, The Right Start in Life: Global levels and trends in birth registration, 2024 update.","While trend data are available, changes in the indicator definitions, age groups covered, as well as the measures and questions used to collect the information have changed over time. These factors affect the comparability of available data sources and require careful review and assessment in order to accurately and reliably draw conclusions about trends over time for most countries. For this reason, trend data for this indicator are not included in UNICEF global databases.","DHS, MICS, other national surveys, censuses and vital registration systems",,,EOF,,2014-23,Y0T4
dataflow,UNICEF:GLOBAL_DATAFLOW(1.0),I,UNSDG_OCEANIAexAUSNZL,0,PT_CHLD_Y0T4_REG,_T,2023,25.604,,PCNT,E,,,,,"Based on 9 countries with a population coverage 96 per cent of the regional population aged 0-4 years. These estimates are based on countries with an available data source within the reference period of 2014 to 2023 and apply a methodology that is detailed in the 2024 UNICEF global report, The Right Start in Life: Global levels and trends in birth registration, 2024 update.","While trend data are available, changes in the indicator definitions, age groups covered, as well as the measures and questions used to collect the information have changed over time. These factors affect the comparability of available data sources and require careful review and assessment in order to accurately and reliably draw conclusions about trends over time for most countries. For this reason, trend data for this indicator are not included in UNICEF global databases.","DHS, MICS, other national surveys, censuses and vital registration systems",,,EOF,,2014-23,Y0T4
dataflow,UNICEF:GLOBAL_DATAFLOW(1.0),I,OMN,4,PT_CHLD_Y0T4_REG,_T,2024,100,,PCNT,RP,,,,,Births registered,"While trend data are available, changes in the indicator definitions, age groups covered, as well as the measures and questions used to collect the information have changed over time. These factors affect the comparability of available data sources and require careful review and assessment in order to accurately and reliably draw conclusions about trends over time for most countries. For this reason, trend data for this indicator are not included in UNICEF global databases.",Ministry of Health and Civil Registration,,,EOF,,2024,Y0T4
dataflow,UNICEF:GLOBAL_DATAFLOW(1.0),I,OMN,4,PT_CHLD_Y0T4_REG,M,2024,100,,PCNT,RP,,,,,Births registered,"While trend data are available, changes in the indicator definitions, age groups covered, as well as the measures and questions used to collect the information have changed over time. These factors affect the comparability of available data sources and require careful review and assessment in order to accurately and reliably draw conclusions about trends over time for most countries. For this reason, trend data for this indicator are not included in UNICEF global databases.",Ministry of Health and Civil Registration,,,EOF,,2024,Y0T4
dataflow,UNICEF:GLOBAL_DATAFLOW(1.0),I,OMN,4,PT_CHLD_Y0T4_REG,F,2024,100,,PCNT,RP,,,,,Births registered,"While trend data are available, changes in the indicator definitions, age groups covered, as well as the measures and questions used to collect the information have changed over time. These factors affect the comparability of available data sources and require careful review and assessment in order to accurately and reliably draw conclusions about trends over time for most countries. For this reason, trend data for this indicator are not included in UNICEF global databases.",Ministry of Health and Civil Registration,,,EOF,,2024,Y0T4
dataflow,UNICEF:GLOBAL_DATAFLOW(1.0),I,PAK,5,PT_CHLD_Y0T4_REG,M,2018,42.5,,PCNT,RP,,,,,Jammu and Kashmir or Gilgit Baltistan regions are not included.,"While trend data are available, changes in the indicator definitions, age groups covered, as well as the measures and questions used to collect the information have changed over time. These factors affect the comparability of available data sources and require careful review and assessment in order to accurately and reliably draw conclusions about trends over time for most countries. For this reason, trend data for this indicator are not included in UNICEF global databases.",DHS 2017-18,,,EOF,,2017-18,Y0T4
dataflow,UNICEF:GLOBAL_DATAFLOW(1.0),I,PAK,5,PT_CHLD_Y0T4_REG,_T,2018,42.2,,PCNT,RP,,,,,Jammu and Kashmir or Gilgit Baltistan regions are not included.,"While trend data are available, changes in the indicator definitions, age groups covered, as well as the measures and questions used to collect the information have changed over time. These factors affect the comparability of available data sources and require careful review and assessment in order to accurately and reliably draw conclusions about trends over time for most countries. For this reason, trend data for this indicator are not included in UNICEF global databases.",DHS 2017-18,,,EOF,,2017-18,Y0T4
dataflow,UNICEF:GLOBAL_DATAFLOW(1.0),I,PAK,5,PT_CHLD_Y0T4_REG,F,2018,41.9,,PCNT,RP,,,,,Jammu and Kashmir or Gilgit Baltistan regions are not included.,"While trend data are available, changes in the indicator definitions, age groups covered, as well as the measures and questions used to collect the information have changed over time. These factors affect the comparability of available data sources and require careful review and assessment in order to accurately and reliably draw conclusions about trends over time for most countries. For this reason, trend data for this indicator are not included in UNICEF global databases.",DHS 2017-18,,,EOF,,2017-18,Y0T4
dataflow,UNICEF:GLOBAL_DATAFLOW(1.0),I,UNSDG_CENTRALASIA,0,PT_CHLD_Y0T4_REG,_T,2023,99.233,,PCNT,E,,,,,"Based on 5 countries with a population coverage 100 per cent of the regional population aged 0-4 years. These estimates are based on countries with an available data source within the reference period of 2014 to 2023 and apply a methodology that is detailed in the 2024 UNICEF global report, The Right Start in Life: Global levels and trends in birth registration, 2024 update.","While trend data are available, changes in the indicator definitions, age groups covered, as well as the measures and questions used to collect the information have changed over time. These factors affect the comparability of available data sources and require careful review and assessment in order to accurately and reliably draw conclusions about trends over time for most countries. For this reason, trend data for this indicator are not included in UNICEF global databases.","DHS, MICS, other national surveys, censuses and vital registration systems",,,EOF,,2014-23,Y0T4
dataflow,UNICEF:GLOBAL_DATAFLOW(1.0),I,UNSDG_CENTRALASIASOUTHERNASIA,0,PT_CHLD_Y0T4_REG,_T,2023,77.594,,PCNT,E,,,,,"Based on 14 countries with a population coverage 100 per cent of the regional population aged 0-4 years. These estimates are based on countries with an available data source within the reference period of 2014 to 2023 and apply a methodology that is detailed in the 2024 UNICEF global report, The Right Start in Life: Global levels and trends in birth registration, 2024 update.","While trend data are available, changes in the indicator definitions, age groups covered, as well as the measures and questions used to collect the information have changed over time. These factors affect the comparability of available data sources and require careful review and assessment in order to accurately and reliably draw conclusions about trends over time for most countries. For this reason, trend data for this indicator are not included in UNICEF global databases.","DHS, MICS, other national surveys, censuses and vital registration systems",,,EOF,,2014-23,Y0T4
dataflow,UNICEF:GLOBAL_DATAFLOW(1.0),I,PAN,1,PT_CHLD_Y0T4_REG,M,2019,96.8,,PCNT,RP,,,,,,"While trend data are available, changes in the indicator definitions, age groups covered, as well as the measures and questions used to collect the information have changed over time. These factors affect the comparability of available data sources and require careful review and assessment in order to accurately and reliably draw conclusions about trends over time for most countries. For this reason, trend data for this indicator are not included in UNICEF global databases.","INEC, Encuesta de Propósitos Múltiples",,,EOF,,2019,Y0T4
dataflow,UNICEF:GLOBAL_DATAFLOW(1.0),I,PAN,1,PT_CHLD_Y0T4_REG,F,2019,96.6,,PCNT,RP,,,,,,"While trend data are available, changes in the indicator definitions, age groups covered, as well as the measures and questions used to collect the information have changed over time. These factors affect the comparability of available data sources and require careful review and assessment in order to accurately and reliably draw conclusions about trends over time for most countries. For this reason, trend data for this indicator are not included in UNICEF global databases.","INEC, Encuesta de Propósitos Múltiples",,,EOF,,2019,Y0T4
dataflow,UNICEF:GLOBAL_DATAFLOW(1.0),I,PAN,1,PT_CHLD_Y0T4_REG,_T,2019,96.7,,PCNT,RP,,,,,,"While trend data are available, changes in the indicator definitions, age groups covered, as well as the measures and questions used to collect the information have changed over time. These factors affect the comparability of available data sources and require careful review and assessment in order to accurately and reliably draw conclusions about trends over time for most countries. For this reason, trend data for this indicator are not included in UNICEF global databases.","INEC, Encuesta de Propósitos Múltiples",,,EOF,,2019,Y0T4
dataflow,UNICEF:GLOBAL_DATAFLOW(1.0),I,TCD,2,PT_CHLD_Y0T4_REG,M,2019,25.9,,PCNT,RP,,,,,,"While trend data are available, changes in the indicator definitions, age groups covered, as well as the measures and questions used to collect the information have changed over time. These factors affect the comparability of available data sources and require careful review and assessment in order to accurately and reliably draw conclusions about trends over time for most countries. For this reason, trend data for this indicator are not included in UNICEF global databases.",MICS 2019,,,EOF,,2019,Y0T4
dataflow,UNICEF:GLOBAL_DATAFLOW(1.0),I,TCD,2,PT_CHLD_Y0T4_REG,F,2019,25.5,,PCNT,RP,,,,,,"While trend data are available, changes in the indicator definitions, age groups covered, as well as the measures and questions used to collect the information have changed over time. These factors affect the comparability of available data sources and require careful review and assessment in order to accurately and reliably draw conclusions about trends over time for most countries. For this reason, trend data for this indicator are not included in UNICEF global databases.",MICS 2019,,,EOF,,2019,Y0T4
dataflow,UNICEF:GLOBAL_DATAFLOW(1.0),I,TCD,2,PT_CHLD_Y0T4_REG,_T,2019,25.7,,PCNT,RP,,,,,,"While trend data are available, changes in the indicator definitions, age groups covered, as well as the measures and questions used to collect the information have changed over time. These factors affect the comparability of available data sources and require careful review and assessment in order to accurately and reliably draw conclusions about trends over time for most countries. For this reason, trend data for this indicator are not included in UNICEF global databases.",MICS 2019,,,EOF,,2019,Y0T4
dataflow,UNICEF:GLOBAL_DATAFLOW(1.0),I,PNG,6,PT_CHLD_Y0T4_REG,F,2018,13.6,,PCNT,RP,,,,,,"While trend data are available, changes in the indicator definitions, age groups covered, as well as the measures and questions used to collect the information have changed over time. These factors affect the comparability of available data sources and require careful review and assessment in order to accurately and reliably draw conclusions about trends over time for most countries. For this reason, trend data for this indicator are not included in UNICEF global databases.",DHS 2016-18,,,EOF,,2016-18,Y0T4
dataflow,UNICEF:GLOBAL_DATAFLOW(1.0),I,PNG,6,PT_CHLD_Y0T4_REG,M,2018,13.3,,PCNT,RP,,,,,,"While trend data are available, changes in the indicator definitions, age groups covered, as well as the measures and questions used to collect the information have changed over time. These factors affect the comparability of available data sources and require careful review and assessment in order to accurately and reliably draw conclusions about trends over time for most countries. For this reason, trend data for this indicator are not included in UNICEF global databases.",DHS 2016-18,,,EOF,,2016-18,Y0T4
dataflow,UNICEF:GLOBAL_DATAFLOW(1.0),I,PNG,6,PT_CHLD_Y0T4_REG,_T,2018,13.4,,PCNT,RP,,,,,,"While trend data are available, changes in the indicator definitions, age groups covered, as well as the measures and questions used to collect the information have changed over time. These factors affect the comparability of available data sources and require careful review and assessment in order to accurately and reliably draw conclusions about trends over time for most countries. For this reason, trend data for this indicator are not included in UNICEF global databases.",DHS 2016-18,,,EOF,,2016-18,Y0T4
dataflow,UNICEF:GLOBAL_DATAFLOW(1.0),I,PRY,1,PT_CHLD_Y0T4_REG,F,2020,71.3,,PCNT,RP,,,,,Births registered,"While trend data are available, changes in the indicator definitions, age groups covered, as well as the measures and questions used to collect the information have changed over time. These factors affect the comparability of available data sources and require careful review and assessment in order to accurately and reliably draw conclusions about trends over time for most countries. For this reason, trend data for this indicator are not included in UNICEF global databases.",DGEEC 2015-20,,,EOF,,2020,Y0T4
dataflow,UNICEF:GLOBAL_DATAFLOW(1.0),I,PRY,1,PT_CHLD_Y0T4_REG,_T,2020,71.6,,PCNT,RP,,,,,Births registered,"While trend data are available, changes in the indicator definitions, age groups covered, as well as the measures and questions used to collect the information have changed over time. These factors affect the comparability of available data sources and require careful review and assessment in order to accurately and reliably draw conclusions about trends over time for most countries. For this reason, trend data for this indicator are not included in UNICEF global databases.",DGEEC 2015-20,,,EOF,,2020,Y0T4
dataflow,UNICEF:GLOBAL_DATAFLOW(1.0),I,PRY,1,PT_CHLD_Y0T4_REG,M,2020,71.8,,PCNT,RP,,,,,Births registered,"While trend data are available, changes in the indicator definitions, age groups covered, as well as the measures and questions used to collect the information have changed over time. These factors affect the comparability of available data sources and require careful review and assessment in order to accurately and reliably draw conclusions about trends over time for most countries. For this reason, trend data for this indicator are not included in UNICEF global databases.",DGEEC 2015-20,,,EOF,,2020,Y0T4
dataflow,UNICEF:GLOBAL_DATAFLOW(1.0),I,PER,1,PT_CHLD_Y0T4_REG,_T,2020,96.4,,PCNT,RP,,,,,,"While trend data are available, changes in the indicator definitions, age groups covered, as well as the measures and questions used to collect the information have changed over time. These factors affect the comparability of available data sources and require careful review and assessment in order to accurately and reliably draw conclusions about trends over time for most countries. For this reason, trend data for this indicator are not included in UNICEF global databases.",ENAPRES 2020,,,EOF,,2020,Y0T4
dataflow,UNICEF:GLOBAL_DATAFLOW(1.0),I,CHL,1,PT_CHLD_Y0T4_REG,_T,2024,99.8,,PCNT,RP,,,,,Data refers to registered births including late registration,"While trend data are available, changes in the indicator definitions, age groups covered, as well as the measures and questions used to collect the information have changed over time. These factors affect the comparability of available data sources and require careful review and assessment in order to accurately and reliably draw conclusions about trends over time for most countries. For this reason, trend data for this indicator are not included in UNICEF global databases.",National Directorate of the Civil Registry and Identification Service via Ministry of Justice and Human Rights,,,EOF,,2024,Y0T4
dataflow,UNICEF:GLOBAL_DATAFLOW(1.0),I,PHL,6,PT_CHLD_Y0T4_REG,_T,2022,94,,PCNT,RP,,,,,,"While trend data are available, changes in the indicator definitions, age groups covered, as well as the measures and questions used to collect the information have changed over time. These factors affect the comparability of available data sources and require careful review and assessment in order to accurately and reliably draw conclusions about trends over time for most countries. For this reason, trend data for this indicator are not included in UNICEF global databases.",DHS 2022,,,EOF,,2022,Y0T4
dataflow,UNICEF:GLOBAL_DATAFLOW(1.0),I,PHL,6,PT_CHLD_Y0T4_REG,M,2022,94.3,,PCNT,RP,,,,,,"While trend data are available, changes in the indicator definitions, age groups covered, as well as the measures and questions used to collect the information have changed over time. These factors affect the comparability of available data sources and require careful review and assessment in order to accurately and reliably draw conclusions about trends over time for most countries. For this reason, trend data for this indicator are not included in UNICEF global databases.",DHS 2022,,,EOF,,2022,Y0T4
dataflow,UNICEF:GLOBAL_DATAFLOW(1.0),I,PHL,6,PT_CHLD_Y0T4_REG,F,2022,93.7,,PCNT,RP,,,,,,"While trend data are available, changes in the indicator definitions, age groups covered, as well as the measures and questions used to collect the information have changed over time. These factors affect the comparability of available data sources and require careful review and assessment in order to accurately and reliably draw conclusions about trends over time for most countries. For this reason, trend data for this indicator are not included in UNICEF global databases.",DHS 2022,,,EOF,,2022,Y0T4
dataflow,UNICEF:GLOBAL_DATAFLOW(1.0),I,CHN,6,PT_CHLD_Y0T4_REG,_T,2020,96.7,,PCNT,RP,,,,,The population without household registration (hukou),"While trend data are available, changes in the indicator definitions, age groups covered, as well as the measures and questions used to collect the information have changed over time. These factors affect the comparability of available data sources and require careful review and assessment in order to accurately and reliably draw conclusions about trends over time for most countries. For this reason, trend data for this indicator are not included in UNICEF global databases.",National Population Census 2020,,,EOF,,2020,Y0T4
dataflow,UNICEF:GLOBAL_DATAFLOW(1.0),I,CHN,6,PT_CHLD_Y0T4_REG,M,2020,96.7,,PCNT,RP,,,,,The population without household registration (hukou),"While trend data are available, changes in the indicator definitions, age groups covered, as well as the measures and questions used to collect the information have changed over time. These factors affect the comparability of available data sources and require careful review and assessment in order to accurately and reliably draw conclusions about trends over time for most countries. For this reason, trend data for this indicator are not included in UNICEF global databases.",National Population Census 2020,,,EOF,,2020,Y0T4
dataflow,UNICEF:GLOBAL_DATAFLOW(1.0),I,CHN,6,PT_CHLD_Y0T4_REG,F,2020,96.6,,PCNT,RP,,,,,The population without household registration (hukou),"While trend data are available, changes in the indicator definitions, age groups covered, as well as the measures and questions used to collect the information have changed over time. These factors affect the comparability of available data sources and require careful review and assessment in order to accurately and reliably draw conclusions about trends over time for most countries. For this reason, trend data for this indicator are not included in UNICEF global databases.",National Population Census 2020,,,EOF,,2020,Y0T4
dataflow,UNICEF:GLOBAL_DATAFLOW(1.0),I,POL,7,PT_CHLD_Y0T4_REG,M,2018,100,,PCNT,RP,,,,,Births registered,"While trend data are available, changes in the indicator definitions, age groups covered, as well as the measures and questions used to collect the information have changed over time. These factors affect the comparability of available data sources and require careful review and assessment in order to accurately and reliably draw conclusions about trends over time for most countries. For this reason, trend data for this indicator are not included in UNICEF global databases.",Polish Ministry of Interior and Administration,,,EOF,,2018,Y0T4
dataflow,UNICEF:GLOBAL_DATAFLOW(1.0),I,POL,7,PT_CHLD_Y0T4_REG,_T,2018,100,,PCNT,RP,,,,,Births registered,"While trend data are available, changes in the indicator definitions, age groups covered, as well as the measures and questions used to collect the information have changed over time. These factors affect the comparability of available data sources and require careful review and assessment in order to accurately and reliably draw conclusions about trends over time for most countries. For this reason, trend data for this indicator are not included in UNICEF global databases.",Polish Ministry of Interior and Administration,,,EOF,,2018,Y0T4
dataflow,UNICEF:GLOBAL_DATAFLOW(1.0),I,POL,7,PT_CHLD_Y0T4_REG,F,2018,100,,PCNT,RP,,,,,Births registered,"While trend data are available, changes in the indicator definitions, age groups covered, as well as the measures and questions used to collect the information have changed over time. These factors affect the comparability of available data sources and require careful review and assessment in order to accurately and reliably draw conclusions about trends over time for most countries. For this reason, trend data for this indicator are not included in UNICEF global databases.",Polish Ministry of Interior and Administration,,,EOF,,2018,Y0T4
dataflow,UNICEF:GLOBAL_DATAFLOW(1.0),I,PRT,7,PT_CHLD_Y0T4_REG,_T,2020,100,,PCNT,RP,,,,,Births registered,"While trend data are available, changes in the indicator definitions, age groups covered, as well as the measures and questions used to collect the information have changed over time. These factors affect the comparability of available data sources and require careful review and assessment in order to accurately and reliably draw conclusions about trends over time for most countries. For this reason, trend data for this indicator are not included in UNICEF global databases.",Portuguese Civil Registry Office 2020,,,EOF,,2020,Y0T4
dataflow,UNICEF:GLOBAL_DATAFLOW(1.0),I,PRT,7,PT_CHLD_Y0T4_REG,M,2020,100,,PCNT,RP,,,,,Births registered,"While trend data are available, changes in the indicator definitions, age groups covered, as well as the measures and questions used to collect the information have changed over time. These factors affect the comparability of available data sources and require careful review and assessment in order to accurately and reliably draw conclusions about trends over time for most countries. For this reason, trend data for this indicator are not included in UNICEF global databases.",Portuguese Civil Registry Office 2020,,,EOF,,2020,Y0T4
dataflow,UNICEF:GLOBAL_DATAFLOW(1.0),I,PRT,7,PT_CHLD_Y0T4_REG,F,2020,100,,PCNT,RP,,,,,Births registered,"While trend data are available, changes in the indicator definitions, age groups covered, as well as the measures and questions used to collect the information have changed over time. These factors affect the comparability of available data sources and require careful review and assessment in order to accurately and reliably draw conclusions about trends over time for most countries. For this reason, trend data for this indicator are not included in UNICEF global databases.",Portuguese Civil Registry Office 2020,,,EOF,,2020,Y0T4
dataflow,UNICEF:GLOBAL_DATAFLOW(1.0),I,QAT,4,PT_CHLD_Y0T4_REG,M,2023,100,,PCNT,RP,,,,,Births registered,"While trend data are available, changes in the indicator definitions, age groups covered, as well as the measures and questions used to collect the information have changed over time. These factors affect the comparability of available data sources and require careful review and assessment in order to accurately and reliably draw conclusions about trends over time for most countries. For this reason, trend data for this indicator are not included in UNICEF global databases.","Vital statistics, Ministry of Public Health 2023",,,EOF,,2023,Y0T4
dataflow,UNICEF:GLOBAL_DATAFLOW(1.0),I,QAT,4,PT_CHLD_Y0T4_REG,F,2023,100,,PCNT,RP,,,,,Births registered,"While trend data are available, changes in the indicator definitions, age groups covered, as well as the measures and questions used to collect the information have changed over time. These factors affect the comparability of available data sources and require careful review and assessment in order to accurately and reliably draw conclusions about trends over time for most countries. For this reason, trend data for this indicator are not included in UNICEF global databases.","Vital statistics, Ministry of Public Health 2023",,,EOF,,2023,Y0T4
dataflow,UNICEF:GLOBAL_DATAFLOW(1.0),I,QAT,4,PT_CHLD_Y0T4_REG,_T,2023,100,,PCNT,RP,,,,,Births registered,"While trend data are available, changes in the indicator definitions, age groups covered, as well as the measures and questions used to collect the information have changed over time. These factors affect the comparability of available data sources and require careful review and assessment in order to accurately and reliably draw conclusions about trends over time for most countries. For this reason, trend data for this indicator are not included in UNICEF global databases.","Vital statistics, Ministry of Public Health 2023",,,EOF,,2023,Y0T4
dataflow,UNICEF:GLOBAL_DATAFLOW(1.0),I,COM,3,PT_CHLD_Y0T4_REG,F,2022,94.9,,PCNT,RP,,,,,,"While trend data are available, changes in the indicator definitions, age groups covered, as well as the measures and questions used to collect the information have changed over time. These factors affect the comparability of available data sources and require careful review and assessment in order to accurately and reliably draw conclusions about trends over time for most countries. For this reason, trend data for this indicator are not included in UNICEF global databases.",MICS 2022,,,EOF,,2022,Y0T4
dataflow,UNICEF:GLOBAL_DATAFLOW(1.0),I,COM,3,PT_CHLD_Y0T4_REG,M,2022,95.2,,PCNT,RP,,,,,,"While trend data are available, changes in the indicator definitions, age groups covered, as well as the measures and questions used to collect the information have changed over time. These factors affect the comparability of available data sources and require careful review and assessment in order to accurately and reliably draw conclusions about trends over time for most countries. For this reason, trend data for this indicator are not included in UNICEF global databases.",MICS 2022,,,EOF,,2022,Y0T4
dataflow,UNICEF:GLOBAL_DATAFLOW(1.0),I,COM,3,PT_CHLD_Y0T4_REG,_T,2022,95.1,,PCNT,RP,,,,,,"While trend data are available, changes in the indicator definitions, age groups covered, as well as the measures and questions used to collect the information have changed over time. These factors affect the comparability of available data sources and require careful review and assessment in order to accurately and reliably draw conclusions about trends over time for most countries. For this reason, trend data for this indicator are not included in UNICEF global databases.",MICS 2022,,,EOF,,2022,Y0T4
dataflow,UNICEF:GLOBAL_DATAFLOW(1.0),I,COK,6,PT_CHLD_Y0T4_REG,M,2017,100,,PCNT,RP,,,,,Births registered,"While trend data are available, changes in the indicator definitions, age groups covered, as well as the measures and questions used to collect the information have changed over time. These factors affect the comparability of available data sources and require careful review and assessment in order to accurately and reliably draw conclusions about trends over time for most countries. For this reason, trend data for this indicator are not included in UNICEF global databases.",Vital statistics 2017,,,EOF,,2017,Y0T4
dataflow,UNICEF:GLOBAL_DATAFLOW(1.0),I,COK,6,PT_CHLD_Y0T4_REG,_T,2017,100,,PCNT,RP,,,,,Births registered,"While trend data are available, changes in the indicator definitions, age groups covered, as well as the measures and questions used to collect the information have changed over time. These factors affect the comparability of available data sources and require careful review and assessment in order to accurately and reliably draw conclusions about trends over time for most countries. For this reason, trend data for this indicator are not included in UNICEF global databases.",Vital statistics 2017,,,EOF,,2017,Y0T4
dataflow,UNICEF:GLOBAL_DATAFLOW(1.0),I,COK,6,PT_CHLD_Y0T4_REG,F,2017,100,,PCNT,RP,,,,,Births registered,"While trend data are available, changes in the indicator definitions, age groups covered, as well as the measures and questions used to collect the information have changed over time. These factors affect the comparability of available data sources and require careful review and assessment in order to accurately and reliably draw conclusions about trends over time for most countries. For this reason, trend data for this indicator are not included in UNICEF global databases.",Vital statistics 2017,,,EOF,,2017,Y0T4
dataflow,UNICEF:GLOBAL_DATAFLOW(1.0),I,CRI,1,PT_CHLD_Y0T4_REG,_T,2021,96.4,,PCNT,RP,,,,,Births registered,"While trend data are available, changes in the indicator definitions, age groups covered, as well as the measures and questions used to collect the information have changed over time. These factors affect the comparability of available data sources and require careful review and assessment in order to accurately and reliably draw conclusions about trends over time for most countries. For this reason, trend data for this indicator are not included in UNICEF global databases.",INEC 2021,,,EOF,,2021,Y0T4
dataflow,UNICEF:GLOBAL_DATAFLOW(1.0),I,ROU,7,PT_CHLD_Y0T4_REG,M,2023,100,,PCNT,RP,,,,,Births registered,"While trend data are available, changes in the indicator definitions, age groups covered, as well as the measures and questions used to collect the information have changed over time. These factors affect the comparability of available data sources and require careful review and assessment in order to accurately and reliably draw conclusions about trends over time for most countries. For this reason, trend data for this indicator are not included in UNICEF global databases.","Live births statistical bulletins, National Institute of Statistics, 2023",,,EOF,,2023,Y0T4
dataflow,UNICEF:GLOBAL_DATAFLOW(1.0),I,ROU,7,PT_CHLD_Y0T4_REG,_T,2023,100,,PCNT,RP,,,,,Births registered,"While trend data are available, changes in the indicator definitions, age groups covered, as well as the measures and questions used to collect the information have changed over time. These factors affect the comparability of available data sources and require careful review and assessment in order to accurately and reliably draw conclusions about trends over time for most countries. For this reason, trend data for this indicator are not included in UNICEF global databases.","Live births statistical bulletins, National Institute of Statistics, 2023",,,EOF,,2023,Y0T4
dataflow,UNICEF:GLOBAL_DATAFLOW(1.0),I,ROU,7,PT_CHLD_Y0T4_REG,F,2023,100,,PCNT,RP,,,,,Births registered,"While trend data are available, changes in the indicator definitions, age groups covered, as well as the measures and questions used to collect the information have changed over time. These factors affect the comparability of available data sources and require careful review and assessment in order to accurately and reliably draw conclusions about trends over time for most countries. For this reason, trend data for this indicator are not included in UNICEF global databases.","Live births statistical bulletins, National Institute of Statistics, 2023",,,EOF,,2023,Y0T4
dataflow,UNICEF:GLOBAL_DATAFLOW(1.0),I,HRV,6,PT_CHLD_Y0T4_REG,F,2023,100,,PCNT,RP,,,,,Births registered,"While trend data are available, changes in the indicator definitions, age groups covered, as well as the measures and questions used to collect the information have changed over time. These factors affect the comparability of available data sources and require careful review and assessment in order to accurately and reliably draw conclusions about trends over time for most countries. For this reason, trend data for this indicator are not included in UNICEF global databases.",Ministry of Public Administration,,,EOF,,2023,Y0T4
dataflow,UNICEF:GLOBAL_DATAFLOW(1.0),I,HRV,6,PT_CHLD_Y0T4_REG,M,2023,100,,PCNT,RP,,,,,Births registered,"While trend data are available, changes in the indicator definitions, age groups covered, as well as the measures and questions used to collect the information have changed over time. These factors affect the comparability of available data sources and require careful review and assessment in order to accurately and reliably draw conclusions about trends over time for most countries. For this reason, trend data for this indicator are not included in UNICEF global databases.",Ministry of Public Administration,,,EOF,,2023,Y0T4
dataflow,UNICEF:GLOBAL_DATAFLOW(1.0),I,HRV,6,PT_CHLD_Y0T4_REG,_T,2023,100,,PCNT,RP,,,,,Births registered,"While trend data are available, changes in the indicator definitions, age groups covered, as well as the measures and questions used to collect the information have changed over time. These factors affect the comparability of available data sources and require careful review and assessment in order to accurately and reliably draw conclusions about trends over time for most countries. For this reason, trend data for this indicator are not included in UNICEF global databases.",Ministry of Public Administration,,,EOF,,2023,Y0T4
dataflow,UNICEF:GLOBAL_DATAFLOW(1.0),I,RUS,7,PT_CHLD_Y0T4_REG,_T,2022,100,,PCNT,RP,,,,,"Excludes statistical data for the Donetsk People's Republic (DPR), Lugansk People's Republic (LPR), Zaporizhzhia and Kherson regions, temporarily occupied by the Russian Federation.","While trend data are available, changes in the indicator definitions, age groups covered, as well as the measures and questions used to collect the information have changed over time. These factors affect the comparability of available data sources and require careful review and assessment in order to accurately and reliably draw conclusions about trends over time for most countries. For this reason, trend data for this indicator are not included in UNICEF global databases.",Federal State Statistics Service (Rosstat),,,EOF,,2022,Y0T4
dataflow,UNICEF:GLOBAL_DATAFLOW(1.0),I,CUB,1,PT_CHLD_Y0T4_REG,F,2019,100,,PCNT,RP,,,,,,"While trend data are available, changes in the indicator definitions, age groups covered, as well as the measures and questions used to collect the information have changed over time. These factors affect the comparability of available data sources and require careful review and assessment in order to accurately and reliably draw conclusions about trends over time for most countries. For this reason, trend data for this indicator are not included in UNICEF global databases.",MICS 2019,,,EOF,,2019,Y0T4
dataflow,UNICEF:GLOBAL_DATAFLOW(1.0),I,CUB,1,PT_CHLD_Y0T4_REG,_T,2019,99.8,,PCNT,RP,,,,,,"While trend data are available, changes in the indicator definitions, age groups covered, as well as the measures and questions used to collect the information have changed over time. These factors affect the comparability of available data sources and require careful review and assessment in order to accurately and reliably draw conclusions about trends over time for most countries. For this reason, trend data for this indicator are not included in UNICEF global databases.",MICS 2019,,,EOF,,2019,Y0T4
dataflow,UNICEF:GLOBAL_DATAFLOW(1.0),I,CUB,1,PT_CHLD_Y0T4_REG,M,2019,99.6,,PCNT,RP,,,,,,"While trend data are available, changes in the indicator definitions, age groups covered, as well as the measures and questions used to collect the information have changed over time. These factors affect the comparability of available data sources and require careful review and assessment in order to accurately and reliably draw conclusions about trends over time for most countries. For this reason, trend data for this indicator are not included in UNICEF global databases.",MICS 2019,,,EOF,,2019,Y0T4
dataflow,UNICEF:GLOBAL_DATAFLOW(1.0),I,RWA,3,PT_CHLD_Y0T4_REG,M,2020,85.8,,PCNT,RP,,,,,,"While trend data are available, changes in the indicator definitions, age groups covered, as well as the measures and questions used to collect the information have changed over time. These factors affect the comparability of available data sources and require careful review and assessment in order to accurately and reliably draw conclusions about trends over time for most countries. For this reason, trend data for this indicator are not included in UNICEF global databases.",DHS 2019-20,,,EOF,,2019-20,Y0T4
dataflow,UNICEF:GLOBAL_DATAFLOW(1.0),I,RWA,3,PT_CHLD_Y0T4_REG,_T,2020,85.6,,PCNT,RP,,,,,,"While trend data are available, changes in the indicator definitions, age groups covered, as well as the measures and questions used to collect the information have changed over time. These factors affect the comparability of available data sources and require careful review and assessment in order to accurately and reliably draw conclusions about trends over time for most countries. For this reason, trend data for this indicator are not included in UNICEF global databases.",DHS 2019-20,,,EOF,,2019-20,Y0T4
dataflow,UNICEF:GLOBAL_DATAFLOW(1.0),I,RWA,3,PT_CHLD_Y0T4_REG,F,2020,85.4,,PCNT,RP,,,,,,"While trend data are available, changes in the indicator definitions, age groups covered, as well as the measures and questions used to collect the information have changed over time. These factors affect the comparability of available data sources and require careful review and assessment in order to accurately and reliably draw conclusions about trends over time for most countries. For this reason, trend data for this indicator are not included in UNICEF global databases.",DHS 2019-20,,,EOF,,2019-20,Y0T4
dataflow,UNICEF:GLOBAL_DATAFLOW(1.0),I,CYP,7,PT_CHLD_Y0T4_REG,_T,2022,100,,PCNT,RP,,,,,Data refer to government controlled areas,"While trend data are available, changes in the indicator definitions, age groups covered, as well as the measures and questions used to collect the information have changed over time. These factors affect the comparability of available data sources and require careful review and assessment in order to accurately and reliably draw conclusions about trends over time for most countries. For this reason, trend data for this indicator are not included in UNICEF global databases.","Statistical Service of Cyprus, Demographic Statistics",,,EOF,,2022,Y0T4
dataflow,UNICEF:GLOBAL_DATAFLOW(1.0),I,CYP,7,PT_CHLD_Y0T4_REG,M,2022,100,,PCNT,RP,,,,,Data refer to government controlled areas,"While trend data are available, changes in the indicator definitions, age groups covered, as well as the measures and questions used to collect the information have changed over time. These factors affect the comparability of available data sources and require careful review and assessment in order to accurately and reliably draw conclusions about trends over time for most countries. For this reason, trend data for this indicator are not included in UNICEF global databases.","Statistical Service of Cyprus, Demographic Statistics",,,EOF,,2022,Y0T4
dataflow,UNICEF:GLOBAL_DATAFLOW(1.0),I,CYP,7,PT_CHLD_Y0T4_REG,F,2022,100,,PCNT,RP,,,,,Data refer to government controlled areas,"While trend data are available, changes in the indicator definitions, age groups covered, as well as the measures and questions used to collect the information have changed over time. These factors affect the comparability of available data sources and require careful review and assessment in order to accurately and reliably draw conclusions about trends over time for most countries. For this reason, trend data for this indicator are not included in UNICEF global databases.","Statistical Service of Cyprus, Demographic Statistics",,,EOF,,2022,Y0T4
dataflow,UNICEF:GLOBAL_DATAFLOW(1.0),I,CZE,7,PT_CHLD_Y0T4_REG,M,2024,100,,PCNT,E,,,,,"Estimated coverage of birth registration was obtained on the basis of the reported completeness of the national civil registration system, which estimated at least 90% complete","While trend data are available, changes in the indicator definitions, age groups covered, as well as the measures and questions used to collect the information have changed over time. These factors affect the comparability of available data sources and require careful review and assessment in order to accurately and reliably draw conclusions about trends over time for most countries. For this reason, trend data for this indicator are not included in UNICEF global databases.","UNSD Population and Vital Statistics Report, January 2026",,,EOF,,2024,Y0T4
dataflow,UNICEF:GLOBAL_DATAFLOW(1.0),I,CZE,7,PT_CHLD_Y0T4_REG,_T,2024,100,,PCNT,E,,,,,"Estimated coverage of birth registration was obtained on the basis of the reported completeness of the national civil registration system, which estimated at least 90% complete","While trend data are available, changes in the indicator definitions, age groups covered, as well as the measures and questions used to collect the information have changed over time. These factors affect the comparability of available data sources and require careful review and assessment in order to accurately and reliably draw conclusions about trends over time for most countries. For this reason, trend data for this indicator are not included in UNICEF global databases.","UNSD Population and Vital Statistics Report, January 2026",,,EOF,,2024,Y0T4
dataflow,UNICEF:GLOBAL_DATAFLOW(1.0),I,CZE,7,PT_CHLD_Y0T4_REG,F,2024,100,,PCNT,E,,,,,"Estimated coverage of birth registration was obtained on the basis of the reported completeness of the national civil registration system, which estimated at least 90% complete","While trend data are available, changes in the indicator definitions, age groups covered, as well as the measures and questions used to collect the information have changed over time. These factors affect the comparability of available data sources and require careful review and assessment in order to accurately and reliably draw conclusions about trends over time for most countries. For this reason, trend data for this indicator are not included in UNICEF global databases.","UNSD Population and Vital Statistics Report, January 2026",,,EOF,,2024,Y0T4
dataflow,UNICEF:GLOBAL_DATAFLOW(1.0),I,UNSDG_REGION_GLOBAL,0,PT_CHLD_Y0T4_REG,_T,2023,76.986,,PCNT,E,,,,,"Based on 173 countries with a population coverage 98 per cent of the global population aged 0-4 years. These estimates are based on countries with an available data source within the reference period of 2014 to 2023 and apply a methodology that is detailed in the 2024 UNICEF global report, The Right Start in Life: Global levels and trends in birth registration, 2024 update.","While trend data are available, changes in the indicator definitions, age groups covered, as well as the measures and questions used to collect the information have changed over time. These factors affect the comparability of available data sources and require careful review and assessment in order to accurately and reliably draw conclusions about trends over time for most countries. For this reason, trend data for this indicator are not included in UNICEF global databases.","DHS, MICS, other national surveys, censuses and vital registration systems",,,EOF,,2014-23,Y0T4
dataflow,UNICEF:GLOBAL_DATAFLOW(1.0),I,CIV,2,PT_CHLD_Y0T4_REG,_T,2021,95.5,,PCNT,RP,,,,,,"While trend data are available, changes in the indicator definitions, age groups covered, as well as the measures and questions used to collect the information have changed over time. These factors affect the comparability of available data sources and require careful review and assessment in order to accurately and reliably draw conclusions about trends over time for most countries. For this reason, trend data for this indicator are not included in UNICEF global databases.",DHS 2021,,,EOF,,2021,Y0T4
dataflow,UNICEF:GLOBAL_DATAFLOW(1.0),I,CIV,2,PT_CHLD_Y0T4_REG,M,2021,95.4,,PCNT,RP,,,,,,"While trend data are available, changes in the indicator definitions, age groups covered, as well as the measures and questions used to collect the information have changed over time. These factors affect the comparability of available data sources and require careful review and assessment in order to accurately and reliably draw conclusions about trends over time for most countries. For this reason, trend data for this indicator are not included in UNICEF global databases.",DHS 2021,,,EOF,,2021,Y0T4
dataflow,UNICEF:GLOBAL_DATAFLOW(1.0),I,CIV,2,PT_CHLD_Y0T4_REG,F,2021,95.6,,PCNT,RP,,,,,,"While trend data are available, changes in the indicator definitions, age groups covered, as well as the measures and questions used to collect the information have changed over time. These factors affect the comparability of available data sources and require careful review and assessment in order to accurately and reliably draw conclusions about trends over time for most countries. For this reason, trend data for this indicator are not included in UNICEF global databases.",DHS 2021,,,EOF,,2021,Y0T4
dataflow,UNICEF:GLOBAL_DATAFLOW(1.0),I,COD,3,PT_CHLD_Y0T4_REG,M,2024,34,,PCNT,RP,,,,,"Due to security concerns, two out of 780 clusters were not enumerated.","While trend data are available, changes in the indicator definitions, age groups covered, as well as the measures and questions used to collect the information have changed over time. These factors affect the comparability of available data sources and require careful review and assessment in order to accurately and reliably draw conclusions about trends over time for most countries. For this reason, trend data for this indicator are not included in UNICEF global databases.",DHS 2023-24,,,EOF,,2023-24,Y0T4
dataflow,UNICEF:GLOBAL_DATAFLOW(1.0),I,COD,3,PT_CHLD_Y0T4_REG,F,2024,33.1,,PCNT,RP,,,,,"Due to security concerns, two out of 780 clusters were not enumerated.","While trend data are available, changes in the indicator definitions, age groups covered, as well as the measures and questions used to collect the information have changed over time. These factors affect the comparability of available data sources and require careful review and assessment in order to accurately and reliably draw conclusions about trends over time for most countries. For this reason, trend data for this indicator are not included in UNICEF global databases.",DHS 2023-24,,,EOF,,2023-24,Y0T4
dataflow,UNICEF:GLOBAL_DATAFLOW(1.0),I,COD,3,PT_CHLD_Y0T4_REG,_T,2024,33.5,,PCNT,RP,,,,,"Due to security concerns, two out of 780 clusters were not enumerated.","While trend data are available, changes in the indicator definitions, age groups covered, as well as the measures and questions used to collect the information have changed over time. These factors affect the comparability of available data sources and require careful review and assessment in order to accurately and reliably draw conclusions about trends over time for most countries. For this reason, trend data for this indicator are not included in UNICEF global databases.",DHS 2023-24,,,EOF,,2023-24,Y0T4
dataflow,UNICEF:GLOBAL_DATAFLOW(1.0),I,DNK,7,PT_CHLD_Y0T4_REG,F,2019,100,,PCNT,RP,,,,,Births registered,"While trend data are available, changes in the indicator definitions, age groups covered, as well as the measures and questions used to collect the information have changed over time. These factors affect the comparability of available data sources and require careful review and assessment in order to accurately and reliably draw conclusions about trends over time for most countries. For this reason, trend data for this indicator are not included in UNICEF global databases.",Statistics Denmark 2019,,,EOF,,2019,Y0T4
dataflow,UNICEF:GLOBAL_DATAFLOW(1.0),I,DNK,7,PT_CHLD_Y0T4_REG,M,2019,100,,PCNT,RP,,,,,Births registered,"While trend data are available, changes in the indicator definitions, age groups covered, as well as the measures and questions used to collect the information have changed over time. These factors affect the comparability of available data sources and require careful review and assessment in order to accurately and reliably draw conclusions about trends over time for most countries. For this reason, trend data for this indicator are not included in UNICEF global databases.",Statistics Denmark 2019,,,EOF,,2019,Y0T4
dataflow,UNICEF:GLOBAL_DATAFLOW(1.0),I,DNK,7,PT_CHLD_Y0T4_REG,_T,2019,100,,PCNT,RP,,,,,Births registered,"While trend data are available, changes in the indicator definitions, age groups covered, as well as the measures and questions used to collect the information have changed over time. These factors affect the comparability of available data sources and require careful review and assessment in order to accurately and reliably draw conclusions about trends over time for most countries. For this reason, trend data for this indicator are not included in UNICEF global databases.",Statistics Denmark 2019,,,EOF,,2019,Y0T4
dataflow,UNICEF:GLOBAL_DATAFLOW(1.0),I,DOM,1,PT_CHLD_Y0T4_REG,M,2019,91.7,,PCNT,RP,,,,,,"While trend data are available, changes in the indicator definitions, age groups covered, as well as the measures and questions used to collect the information have changed over time. These factors affect the comparability of available data sources and require careful review and assessment in order to accurately and reliably draw conclusions about trends over time for most countries. For this reason, trend data for this indicator are not included in UNICEF global databases.",MICS 2019,,,EOF,,2019,Y0T4
dataflow,UNICEF:GLOBAL_DATAFLOW(1.0),I,DOM,1,PT_CHLD_Y0T4_REG,F,2019,92.7,,PCNT,RP,,,,,,"While trend data are available, changes in the indicator definitions, age groups covered, as well as the measures and questions used to collect the information have changed over time. These factors affect the comparability of available data sources and require careful review and assessment in order to accurately and reliably draw conclusions about trends over time for most countries. For this reason, trend data for this indicator are not included in UNICEF global databases.",MICS 2019,,,EOF,,2019,Y0T4
dataflow,UNICEF:GLOBAL_DATAFLOW(1.0),I,DOM,1,PT_CHLD_Y0T4_REG,_T,2019,92.2,,PCNT,RP,,,,,,"While trend data are available, changes in the indicator definitions, age groups covered, as well as the measures and questions used to collect the information have changed over time. These factors affect the comparability of available data sources and require careful review and assessment in order to accurately and reliably draw conclusions about trends over time for most countries. For this reason, trend data for this indicator are not included in UNICEF global databases.",MICS 2019,,,EOF,,2019,Y0T4
dataflow,UNICEF:GLOBAL_DATAFLOW(1.0),I,WSM,6,PT_CHLD_Y0T4_REG,F,2020,66.9,,PCNT,RP,,,,,,"While trend data are available, changes in the indicator definitions, age groups covered, as well as the measures and questions used to collect the information have changed over time. These factors affect the comparability of available data sources and require careful review and assessment in order to accurately and reliably draw conclusions about trends over time for most countries. For this reason, trend data for this indicator are not included in UNICEF global databases.",MICS 2019-20,,,EOF,,2019-20,Y0T4
dataflow,UNICEF:GLOBAL_DATAFLOW(1.0),I,WSM,6,PT_CHLD_Y0T4_REG,_T,2020,66.9,,PCNT,RP,,,,,,"While trend data are available, changes in the indicator definitions, age groups covered, as well as the measures and questions used to collect the information have changed over time. These factors affect the comparability of available data sources and require careful review and assessment in order to accurately and reliably draw conclusions about trends over time for most countries. For this reason, trend data for this indicator are not included in UNICEF global databases.",MICS 2019-20,,,EOF,,2019-20,Y0T4
dataflow,UNICEF:GLOBAL_DATAFLOW(1.0),I,WSM,6,PT_CHLD_Y0T4_REG,M,2020,67,,PCNT,RP,,,,,,"While trend data are available, changes in the indicator definitions, age groups covered, as well as the measures and questions used to collect the information have changed over time. These factors affect the comparability of available data sources and require careful review and assessment in order to accurately and reliably draw conclusions about trends over time for most countries. For this reason, trend data for this indicator are not included in UNICEF global databases.",MICS 2019-20,,,EOF,,2019-20,Y0T4
dataflow,UNICEF:GLOBAL_DATAFLOW(1.0),I,SMR,6,PT_CHLD_Y0T4_REG,M,2023,100,,PCNT,E,,,,,Estimated coverage of birth registration was obtained on the basis of the reported completeness of the national civil registration system,"While trend data are available, changes in the indicator definitions, age groups covered, as well as the measures and questions used to collect the information have changed over time. These factors affect the comparability of available data sources and require careful review and assessment in order to accurately and reliably draw conclusions about trends over time for most countries. For this reason, trend data for this indicator are not included in UNICEF global databases.","UNSD Population and Vital Statistics Report, January 2024, latest update on 6 Jan 2025",,,EOF,,2023,Y0T4
dataflow,UNICEF:GLOBAL_DATAFLOW(1.0),I,SMR,6,PT_CHLD_Y0T4_REG,_T,2023,100,,PCNT,E,,,,,Estimated coverage of birth registration was obtained on the basis of the reported completeness of the national civil registration system,"While trend data are available, changes in the indicator definitions, age groups covered, as well as the measures and questions used to collect the information have changed over time. These factors affect the comparability of available data sources and require careful review and assessment in order to accurately and reliably draw conclusions about trends over time for most countries. For this reason, trend data for this indicator are not included in UNICEF global databases.","UNSD Population and Vital Statistics Report, January 2024, latest update on 6 Jan 2025",,,EOF,,2023,Y0T4
dataflow,UNICEF:GLOBAL_DATAFLOW(1.0),I,SMR,6,PT_CHLD_Y0T4_REG,F,2023,100,,PCNT,E,,,,,Estimated coverage of birth registration was obtained on the basis of the reported completeness of the national civil registration system,"While trend data are available, changes in the indicator definitions, age groups covered, as well as the measures and questions used to collect the information have changed over time. These factors affect the comparability of available data sources and require careful review and assessment in order to accurately and reliably draw conclusions about trends over time for most countries. For this reason, trend data for this indicator are not included in UNICEF global databases.","UNSD Population and Vital Statistics Report, January 2024, latest update on 6 Jan 2025",,,EOF,,2023,Y0T4
dataflow,UNICEF:GLOBAL_DATAFLOW(1.0),I,AFG,5,PT_CHLD_Y0T4_REG,F,2023,47,,PCNT,RP,,,,,,"While trend data are available, changes in the indicator definitions, age groups covered, as well as the measures and questions used to collect the information have changed over time. These factors affect the comparability of available data sources and require careful review and assessment in order to accurately and reliably draw conclusions about trends over time for most countries. For this reason, trend data for this indicator are not included in UNICEF global databases.",MICS 2022-23,,,EOF,,2022-23,Y0T4
dataflow,UNICEF:GLOBAL_DATAFLOW(1.0),I,AFG,5,PT_CHLD_Y0T4_REG,_T,2023,47.8,,PCNT,RP,,,,,,"While trend data are available, changes in the indicator definitions, age groups covered, as well as the measures and questions used to collect the information have changed over time. These factors affect the comparability of available data sources and require careful review and assessment in order to accurately and reliably draw conclusions about trends over time for most countries. For this reason, trend data for this indicator are not included in UNICEF global databases.",MICS 2022-23,,,EOF,,2022-23,Y0T4
dataflow,UNICEF:GLOBAL_DATAFLOW(1.0),I,AFG,5,PT_CHLD_Y0T4_REG,M,2023,48.6,,PCNT,RP,,,,,,"While trend data are available, changes in the indicator definitions, age groups covered, as well as the measures and questions used to collect the information have changed over time. These factors affect the comparability of available data sources and require careful review and assessment in order to accurately and reliably draw conclusions about trends over time for most countries. For this reason, trend data for this indicator are not included in UNICEF global databases.",MICS 2022-23,,,EOF,,2022-23,Y0T4
dataflow,UNICEF:GLOBAL_DATAFLOW(1.0),I,STP,2,PT_CHLD_Y0T4_REG,_T,2019,98.6,,PCNT,RP,,,,,,"While trend data are available, changes in the indicator definitions, age groups covered, as well as the measures and questions used to collect the information have changed over time. These factors affect the comparability of available data sources and require careful review and assessment in order to accurately and reliably draw conclusions about trends over time for most countries. For this reason, trend data for this indicator are not included in UNICEF global databases.",MICS 2019,,,EOF,,2019,Y0T4
dataflow,UNICEF:GLOBAL_DATAFLOW(1.0),I,STP,2,PT_CHLD_Y0T4_REG,M,2019,98.8,,PCNT,RP,,,,,,"While trend data are available, changes in the indicator definitions, age groups covered, as well as the measures and questions used to collect the information have changed over time. These factors affect the comparability of available data sources and require careful review and assessment in order to accurately and reliably draw conclusions about trends over time for most countries. For this reason, trend data for this indicator are not included in UNICEF global databases.",MICS 2019,,,EOF,,2019,Y0T4
dataflow,UNICEF:GLOBAL_DATAFLOW(1.0),I,STP,2,PT_CHLD_Y0T4_REG,F,2019,98.4,,PCNT,RP,,,,,,"While trend data are available, changes in the indicator definitions, age groups covered, as well as the measures and questions used to collect the information have changed over time. These factors affect the comparability of available data sources and require careful review and assessment in order to accurately and reliably draw conclusions about trends over time for most countries. For this reason, trend data for this indicator are not included in UNICEF global databases.",MICS 2019,,,EOF,,2019,Y0T4
dataflow,UNICEF:GLOBAL_DATAFLOW(1.0),I,SAU,3,PT_CHLD_Y0T4_REG,M,2024,99.9,,PCNT,RP,,,,,Data reflects children whose births are registered with the hospital or official authorities and who possess a birth certificate,"While trend data are available, changes in the indicator definitions, age groups covered, as well as the measures and questions used to collect the information have changed over time. These factors affect the comparability of available data sources and require careful review and assessment in order to accurately and reliably draw conclusions about trends over time for most countries. For this reason, trend data for this indicator are not included in UNICEF global databases.",Woman and Child Health Survey 2024,,,EOF,,2024,Y0T4
dataflow,UNICEF:GLOBAL_DATAFLOW(1.0),I,SAU,3,PT_CHLD_Y0T4_REG,_T,2024,99.9,,PCNT,RP,,,,,Data reflects children whose births are registered with the hospital or official authorities and who possess a birth certificate,"While trend data are available, changes in the indicator definitions, age groups covered, as well as the measures and questions used to collect the information have changed over time. These factors affect the comparability of available data sources and require careful review and assessment in order to accurately and reliably draw conclusions about trends over time for most countries. For this reason, trend data for this indicator are not included in UNICEF global databases.",Woman and Child Health Survey 2024,,,EOF,,2024,Y0T4
dataflow,UNICEF:GLOBAL_DATAFLOW(1.0),I,SAU,3,PT_CHLD_Y0T4_REG,F,2024,99.9,,PCNT,RP,,,,,Data reflects children whose births are registered with the hospital or official authorities and who possess a birth certificate,"While trend data are available, changes in the indicator definitions, age groups covered, as well as the measures and questions used to collect the information have changed over time. These factors affect the comparability of available data sources and require careful review and assessment in order to accurately and reliably draw conclusions about trends over time for most countries. For this reason, trend data for this indicator are not included in UNICEF global databases.",Woman and Child Health Survey 2024,,,EOF,,2024,Y0T4
dataflow,UNICEF:GLOBAL_DATAFLOW(1.0),I,SEN,2,PT_CHLD_Y0T4_REG,_T,2023,81.4,,PCNT,RP,,,,,,"While trend data are available, changes in the indicator definitions, age groups covered, as well as the measures and questions used to collect the information have changed over time. These factors affect the comparability of available data sources and require careful review and assessment in order to accurately and reliably draw conclusions about trends over time for most countries. For this reason, trend data for this indicator are not included in UNICEF global databases.",Continuous DHS 2023,,,EOF,,2023,Y0T4
dataflow,UNICEF:GLOBAL_DATAFLOW(1.0),I,SEN,2,PT_CHLD_Y0T4_REG,M,2023,81,,PCNT,RP,,,,,,"While trend data are available, changes in the indicator definitions, age groups covered, as well as the measures and questions used to collect the information have changed over time. These factors affect the comparability of available data sources and require careful review and assessment in order to accurately and reliably draw conclusions about trends over time for most countries. For this reason, trend data for this indicator are not included in UNICEF global databases.",Continuous DHS 2023,,,EOF,,2023,Y0T4
dataflow,UNICEF:GLOBAL_DATAFLOW(1.0),I,SEN,2,PT_CHLD_Y0T4_REG,F,2023,81.9,,PCNT,RP,,,,,,"While trend data are available, changes in the indicator definitions, age groups covered, as well as the measures and questions used to collect the information have changed over time. These factors affect the comparability of available data sources and require careful review and assessment in order to accurately and reliably draw conclusions about trends over time for most countries. For this reason, trend data for this indicator are not included in UNICEF global databases.",Continuous DHS 2023,,,EOF,,2023,Y0T4
dataflow,UNICEF:GLOBAL_DATAFLOW(1.0),I,SRB,7,PT_CHLD_Y0T4_REG,M,2019,99.8,,PCNT,RP,,,,,,"While trend data are available, changes in the indicator definitions, age groups covered, as well as the measures and questions used to collect the information have changed over time. These factors affect the comparability of available data sources and require careful review and assessment in order to accurately and reliably draw conclusions about trends over time for most countries. For this reason, trend data for this indicator are not included in UNICEF global databases.",MICS 2019,,,EOF,,2019,Y0T4
dataflow,UNICEF:GLOBAL_DATAFLOW(1.0),I,SRB,7,PT_CHLD_Y0T4_REG,_T,2019,99.9,,PCNT,RP,,,,,,"While trend data are available, changes in the indicator definitions, age groups covered, as well as the measures and questions used to collect the information have changed over time. These factors affect the comparability of available data sources and require careful review and assessment in order to accurately and reliably draw conclusions about trends over time for most countries. For this reason, trend data for this indicator are not included in UNICEF global databases.",MICS 2019,,,EOF,,2019,Y0T4
dataflow,UNICEF:GLOBAL_DATAFLOW(1.0),I,SRB,7,PT_CHLD_Y0T4_REG,F,2019,100,,PCNT,RP,,,,,,"While trend data are available, changes in the indicator definitions, age groups covered, as well as the measures and questions used to collect the information have changed over time. These factors affect the comparability of available data sources and require careful review and assessment in order to accurately and reliably draw conclusions about trends over time for most countries. For this reason, trend data for this indicator are not included in UNICEF global databases.",MICS 2019,,,EOF,,2019,Y0T4
dataflow,UNICEF:GLOBAL_DATAFLOW(1.0),I,SLE,2,PT_CHLD_Y0T4_REG,M,2019,90.3,,PCNT,RP,,,,,,"While trend data are available, changes in the indicator definitions, age groups covered, as well as the measures and questions used to collect the information have changed over time. These factors affect the comparability of available data sources and require careful review and assessment in order to accurately and reliably draw conclusions about trends over time for most countries. For this reason, trend data for this indicator are not included in UNICEF global databases.",DHS 2019,,,EOF,,2019,Y0T4
dataflow,UNICEF:GLOBAL_DATAFLOW(1.0),I,SLE,2,PT_CHLD_Y0T4_REG,_T,2019,90.4,,PCNT,RP,,,,,,"While trend data are available, changes in the indicator definitions, age groups covered, as well as the measures and questions used to collect the information have changed over time. These factors affect the comparability of available data sources and require careful review and assessment in order to accurately and reliably draw conclusions about trends over time for most countries. For this reason, trend data for this indicator are not included in UNICEF global databases.",DHS 2019,,,EOF,,2019,Y0T4
dataflow,UNICEF:GLOBAL_DATAFLOW(1.0),I,SLE,2,PT_CHLD_Y0T4_REG,F,2019,90.5,,PCNT,RP,,,,,,"While trend data are available, changes in the indicator definitions, age groups covered, as well as the measures and questions used to collect the information have changed over time. These factors affect the comparability of available data sources and require careful review and assessment in order to accurately and reliably draw conclusions about trends over time for most countries. For this reason, trend data for this indicator are not included in UNICEF global databases.",DHS 2019,,,EOF,,2019,Y0T4
dataflow,UNICEF:GLOBAL_DATAFLOW(1.0),I,SGP,6,PT_CHLD_Y0T4_REG,_T,2024,99.9,,PCNT,RP,,,,,Births registered,"While trend data are available, changes in the indicator definitions, age groups covered, as well as the measures and questions used to collect the information have changed over time. These factors affect the comparability of available data sources and require careful review and assessment in order to accurately and reliably draw conclusions about trends over time for most countries. For this reason, trend data for this indicator are not included in UNICEF global databases.","Local birth registration, Immigration and Checkpoints Authority, 2024",,,EOF,,2024,Y0T4
dataflow,UNICEF:GLOBAL_DATAFLOW(1.0),I,SVK,7,PT_CHLD_Y0T4_REG,M,2024,100,,PCNT,RP,,,,,,"While trend data are available, changes in the indicator definitions, age groups covered, as well as the measures and questions used to collect the information have changed over time. These factors affect the comparability of available data sources and require careful review and assessment in order to accurately and reliably draw conclusions about trends over time for most countries. For this reason, trend data for this indicator are not included in UNICEF global databases.","Vital statistics, Statistical Office of Slovak Republic 2024",,,EOF,,2024,Y0T4
dataflow,UNICEF:GLOBAL_DATAFLOW(1.0),I,SVK,7,PT_CHLD_Y0T4_REG,F,2024,100,,PCNT,RP,,,,,,"While trend data are available, changes in the indicator definitions, age groups covered, as well as the measures and questions used to collect the information have changed over time. These factors affect the comparability of available data sources and require careful review and assessment in order to accurately and reliably draw conclusions about trends over time for most countries. For this reason, trend data for this indicator are not included in UNICEF global databases.","Vital statistics, Statistical Office of Slovak Republic 2024",,,EOF,,2024,Y0T4
dataflow,UNICEF:GLOBAL_DATAFLOW(1.0),I,SVK,7,PT_CHLD_Y0T4_REG,_T,2024,100,,PCNT,RP,,,,,,"While trend data are available, changes in the indicator definitions, age groups covered, as well as the measures and questions used to collect the information have changed over time. These factors affect the comparability of available data sources and require careful review and assessment in order to accurately and reliably draw conclusions about trends over time for most countries. For this reason, trend data for this indicator are not included in UNICEF global databases.","Vital statistics, Statistical Office of Slovak Republic 2024",,,EOF,,2024,Y0T4
dataflow,UNICEF:GLOBAL_DATAFLOW(1.0),I,SVN,7,PT_CHLD_Y0T4_REG,F,2024,100,,PCNT,E,,,,,"Estimated coverage of birth registration was obtained on the basis of the reported completeness of the national civil registration system, which estimated at least 90% complete","While trend data are available, changes in the indicator definitions, age groups covered, as well as the measures and questions used to collect the information have changed over time. These factors affect the comparability of available data sources and require careful review and assessment in order to accurately and reliably draw conclusions about trends over time for most countries. For this reason, trend data for this indicator are not included in UNICEF global databases.","UNSD Population and Vital Statistics Report, January 2026",,,EOF,,2024,Y0T4
dataflow,UNICEF:GLOBAL_DATAFLOW(1.0),I,SVN,7,PT_CHLD_Y0T4_REG,M,2024,100,,PCNT,E,,,,,"Estimated coverage of birth registration was obtained on the basis of the reported completeness of the national civil registration system, which estimated at least 90% complete","While trend data are available, changes in the indicator definitions, age groups covered, as well as the measures and questions used to collect the information have changed over time. These factors affect the comparability of available data sources and require careful review and assessment in order to accurately and reliably draw conclusions about trends over time for most countries. For this reason, trend data for this indicator are not included in UNICEF global databases.","UNSD Population and Vital Statistics Report, January 2026",,,EOF,,2024,Y0T4
dataflow,UNICEF:GLOBAL_DATAFLOW(1.0),I,SVN,7,PT_CHLD_Y0T4_REG,_T,2024,100,,PCNT,E,,,,,"Estimated coverage of birth registration was obtained on the basis of the reported completeness of the national civil registration system, which estimated at least 90% complete","While trend data are available, changes in the indicator definitions, age groups covered, as well as the measures and questions used to collect the information have changed over time. These factors affect the comparability of available data sources and require careful review and assessment in order to accurately and reliably draw conclusions about trends over time for most countries. For this reason, trend data for this indicator are not included in UNICEF global databases.","UNSD Population and Vital Statistics Report, January 2026",,,EOF,,2024,Y0T4
dataflow,UNICEF:GLOBAL_DATAFLOW(1.0),I,ZAF,3,PT_CHLD_Y0T4_REG,_T,2017,88.6,,PCNT,RP,,,,,Births registered,"While trend data are available, changes in the indicator definitions, age groups covered, as well as the measures and questions used to collect the information have changed over time. These factors affect the comparability of available data sources and require careful review and assessment in order to accurately and reliably draw conclusions about trends over time for most countries. For this reason, trend data for this indicator are not included in UNICEF global databases.",Recorded live births 2017,,,EOF,,2017,Y0T4
dataflow,UNICEF:GLOBAL_DATAFLOW(1.0),I,UNICEF_SA,0,PT_CHLD_Y0T4_REG,_T,2023,75.682,,PCNT,E,,,,,"Based on 8 countries with a population coverage 100 per cent of the regional population aged 0-4 years. These estimates are based on countries with an available data source within the reference period of 2014 to 2023 and apply a methodology that is detailed in the 2024 UNICEF global report, The Right Start in Life: Global levels and trends in birth registration, 2024 update.","While trend data are available, changes in the indicator definitions, age groups covered, as well as the measures and questions used to collect the information have changed over time. These factors affect the comparability of available data sources and require careful review and assessment in order to accurately and reliably draw conclusions about trends over time for most countries. For this reason, trend data for this indicator are not included in UNICEF global databases.","DHS, MICS, other national surveys, censuses and vital registration systems",,,EOF,,2014-23,Y0T4
dataflow,UNICEF:GLOBAL_DATAFLOW(1.0),I,UNSDG_SOUTHEASTERNASIA,0,PT_CHLD_Y0T4_REG,_T,2023,90.423,,PCNT,E,,,,,"Based on 11 countries with a population coverage 100 per cent of the regional population aged 0-4 years. These estimates are based on countries with an available data source within the reference period of 2014 to 2023 and apply a methodology that is detailed in the 2024 UNICEF global report, The Right Start in Life: Global levels and trends in birth registration, 2024 update.","While trend data are available, changes in the indicator definitions, age groups covered, as well as the measures and questions used to collect the information have changed over time. These factors affect the comparability of available data sources and require careful review and assessment in order to accurately and reliably draw conclusions about trends over time for most countries. For this reason, trend data for this indicator are not included in UNICEF global databases.","DHS, MICS, other national surveys, censuses and vital registration systems",,,EOF,,2014-23,Y0T4
dataflow,UNICEF:GLOBAL_DATAFLOW(1.0),I,AU_SOUTHERN_AFRICA,0,PT_CHLD_Y0T4_REG,_T,2023,47.735,,PCNT,E,,,,,"Based on 10 countries with a population coverage 100 per cent of the regional population aged 0-4 years. These estimates are based on countries with an available data source within the reference period of 2014 to 2023 and apply a methodology that is detailed in the 2024 UNICEF global report, The Right Start in Life: Global levels and trends in birth registration, 2024 update.","While trend data are available, changes in the indicator definitions, age groups covered, as well as the measures and questions used to collect the information have changed over time. These factors affect the comparability of available data sources and require careful review and assessment in order to accurately and reliably draw conclusions about trends over time for most countries. For this reason, trend data for this indicator are not included in UNICEF global databases.","DHS, MICS, other national surveys, censuses and vital registration systems",,,EOF,,2014-23,Y0T4
dataflow,UNICEF:GLOBAL_DATAFLOW(1.0),I,UNSDG_SOUTHASIA,0,PT_CHLD_Y0T4_REG,_T,2023,76.47,,PCNT,E,,,,,"Based on 9 countries with a population coverage 100 per cent of the regional population aged 0-4 years. These estimates are based on countries with an available data source within the reference period of 2014 to 2023 and apply a methodology that is detailed in the 2024 UNICEF global report, The Right Start in Life: Global levels and trends in birth registration, 2024 update.","While trend data are available, changes in the indicator definitions, age groups covered, as well as the measures and questions used to collect the information have changed over time. These factors affect the comparability of available data sources and require careful review and assessment in order to accurately and reliably draw conclusions about trends over time for most countries. For this reason, trend data for this indicator are not included in UNICEF global databases.","DHS, MICS, other national surveys, censuses and vital registration systems",,,EOF,,2014-23,Y0T4
dataflow,UNICEF:GLOBAL_DATAFLOW(1.0),I,ESP,0,PT_CHLD_Y0T4_REG,_T,2020,100,,PCNT,RP,,,,,Births registered,"While trend data are available, changes in the indicator definitions, age groups covered, as well as the measures and questions used to collect the information have changed over time. These factors affect the comparability of available data sources and require careful review and assessment in order to accurately and reliably draw conclusions about trends over time for most countries. For this reason, trend data for this indicator are not included in UNICEF global databases.",Ministry of Justice,,,EOF,,2020,Y0T4
dataflow,UNICEF:GLOBAL_DATAFLOW(1.0),I,ESP,0,PT_CHLD_Y0T4_REG,M,2020,100,,PCNT,RP,,,,,Births registered,"While trend data are available, changes in the indicator definitions, age groups covered, as well as the measures and questions used to collect the information have changed over time. These factors affect the comparability of available data sources and require careful review and assessment in order to accurately and reliably draw conclusions about trends over time for most countries. For this reason, trend data for this indicator are not included in UNICEF global databases.",Ministry of Justice,,,EOF,,2020,Y0T4
dataflow,UNICEF:GLOBAL_DATAFLOW(1.0),I,ESP,0,PT_CHLD_Y0T4_REG,F,2020,100,,PCNT,RP,,,,,Births registered,"While trend data are available, changes in the indicator definitions, age groups covered, as well as the measures and questions used to collect the information have changed over time. These factors affect the comparability of available data sources and require careful review and assessment in order to accurately and reliably draw conclusions about trends over time for most countries. For this reason, trend data for this indicator are not included in UNICEF global databases.",Ministry of Justice,,,EOF,,2020,Y0T4
dataflow,UNICEF:GLOBAL_DATAFLOW(1.0),I,LKA,5,PT_CHLD_Y0T4_REG,_T,2019,98.9,,PCNT,RA,,,,,,"While trend data are available, changes in the indicator definitions, age groups covered, as well as the measures and questions used to collect the information have changed over time. These factors affect the comparability of available data sources and require careful review and assessment in order to accurately and reliably draw conclusions about trends over time for most countries. For this reason, trend data for this indicator are not included in UNICEF global databases.",HIES 2019,,,EOF,,2019,Y0T4
dataflow,UNICEF:GLOBAL_DATAFLOW(1.0),I,LKA,5,PT_CHLD_Y0T4_REG,M,2019,98.9,,PCNT,RA,,,,,,"While trend data are available, changes in the indicator definitions, age groups covered, as well as the measures and questions used to collect the information have changed over time. These factors affect the comparability of available data sources and require careful review and assessment in order to accurately and reliably draw conclusions about trends over time for most countries. For this reason, trend data for this indicator are not included in UNICEF global databases.",HIES 2019,,,EOF,,2019,Y0T4
dataflow,UNICEF:GLOBAL_DATAFLOW(1.0),I,LKA,5,PT_CHLD_Y0T4_REG,F,2019,99,,PCNT,RA,,,,,,"While trend data are available, changes in the indicator definitions, age groups covered, as well as the measures and questions used to collect the information have changed over time. These factors affect the comparability of available data sources and require careful review and assessment in order to accurately and reliably draw conclusions about trends over time for most countries. For this reason, trend data for this indicator are not included in UNICEF global databases.",HIES 2019,,,EOF,,2019,Y0T4
dataflow,UNICEF:GLOBAL_DATAFLOW(1.0),I,UNICEF_EAP,0,PT_CHLD_Y0T4_REG,_T,2023,93.312,,PCNT,E,,,,,"Based on 26 countries with a population coverage 99 per cent of the regional population aged 0-4 years. These estimates are based on countries with an available data source within the reference period of 2014 to 2023 and apply a methodology that is detailed in the 2024 UNICEF global report, The Right Start in Life: Global levels and trends in birth registration, 2024 update.","While trend data are available, changes in the indicator definitions, age groups covered, as well as the measures and questions used to collect the information have changed over time. These factors affect the comparability of available data sources and require careful review and assessment in order to accurately and reliably draw conclusions about trends over time for most countries. For this reason, trend data for this indicator are not included in UNICEF global databases.","DHS, MICS, other national surveys, censuses and vital registration systems",,,EOF,,2014-23,Y0T4
dataflow,UNICEF:GLOBAL_DATAFLOW(1.0),I,PSE,0,PT_CHLD_Y0T4_REG,_T,2020,99.2,,PCNT,RP,,,,,,"While trend data are available, changes in the indicator definitions, age groups covered, as well as the measures and questions used to collect the information have changed over time. These factors affect the comparability of available data sources and require careful review and assessment in order to accurately and reliably draw conclusions about trends over time for most countries. For this reason, trend data for this indicator are not included in UNICEF global databases.",MICS 2019-20,,,EOF,,2019-20,Y0T4
dataflow,UNICEF:GLOBAL_DATAFLOW(1.0),I,PSE,0,PT_CHLD_Y0T4_REG,M,2020,99.4,,PCNT,RP,,,,,,"While trend data are available, changes in the indicator definitions, age groups covered, as well as the measures and questions used to collect the information have changed over time. These factors affect the comparability of available data sources and require careful review and assessment in order to accurately and reliably draw conclusions about trends over time for most countries. For this reason, trend data for this indicator are not included in UNICEF global databases.",MICS 2019-20,,,EOF,,2019-20,Y0T4
dataflow,UNICEF:GLOBAL_DATAFLOW(1.0),I,PSE,0,PT_CHLD_Y0T4_REG,F,2020,98.9,,PCNT,RP,,,,,,"While trend data are available, changes in the indicator definitions, age groups covered, as well as the measures and questions used to collect the information have changed over time. These factors affect the comparability of available data sources and require careful review and assessment in order to accurately and reliably draw conclusions about trends over time for most countries. For this reason, trend data for this indicator are not included in UNICEF global databases.",MICS 2019-20,,,EOF,,2019-20,Y0T4
dataflow,UNICEF:GLOBAL_DATAFLOW(1.0),I,AU_EASTERN_AFRICA,0,PT_CHLD_Y0T4_REG,_T,2023,43.984,,PCNT,E,,,,,"Based on 8 countries with a population coverage 91 per cent of the regional population aged 0-4 years. These estimates are based on countries with an available data source within the reference period of 2014 to 2023 and apply a methodology that is detailed in the 2024 UNICEF global report, The Right Start in Life: Global levels and trends in birth registration, 2024 update.","While trend data are available, changes in the indicator definitions, age groups covered, as well as the measures and questions used to collect the information have changed over time. These factors affect the comparability of available data sources and require careful review and assessment in order to accurately and reliably draw conclusions about trends over time for most countries. For this reason, trend data for this indicator are not included in UNICEF global databases.","DHS, MICS, other national surveys, censuses and vital registration systems",,,EOF,,2014-23,Y0T4
dataflow,UNICEF:GLOBAL_DATAFLOW(1.0),I,UNICEF_SSA,0,PT_CHLD_Y0T4_REG,_T,2023,51.77,,PCNT,E,,,,,"Based on 41 countries with a population coverage 97 per cent of the regional population aged 0-4 years. These estimates are based on countries with an available data source within the reference period of 2014 to 2023 and apply a methodology that is detailed in the 2024 UNICEF global report, The Right Start in Life: Global levels and trends in birth registration, 2024 update.","While trend data are available, changes in the indicator definitions, age groups covered, as well as the measures and questions used to collect the information have changed over time. These factors affect the comparability of available data sources and require careful review and assessment in order to accurately and reliably draw conclusions about trends over time for most countries. For this reason, trend data for this indicator are not included in UNICEF global databases.","DHS, MICS, other national surveys, censuses and vital registration systems",,,EOF,,2014-23,Y0T4
dataflow,UNICEF:GLOBAL_DATAFLOW(1.0),I,UNSDG_SUBSAHARANAFRICA,0,PT_CHLD_Y0T4_REG,_T,2023,51.098,,PCNT,E,,,,,"Based on 40 countries with a population coverage 97 per cent of the regional population aged 0-4 years. These estimates are based on countries with an available data source within the reference period of 2014 to 2023 and apply a methodology that is detailed in the 2024 UNICEF global report, The Right Start in Life: Global levels and trends in birth registration, 2024 update.","While trend data are available, changes in the indicator definitions, age groups covered, as well as the measures and questions used to collect the information have changed over time. These factors affect the comparability of available data sources and require careful review and assessment in order to accurately and reliably draw conclusions about trends over time for most countries. For this reason, trend data for this indicator are not included in UNICEF global databases.","DHS, MICS, other national surveys, censuses and vital registration systems",,,EOF,,2014-23,Y0T4
dataflow,UNICEF:GLOBAL_DATAFLOW(1.0),I,UNSDG_EASTERNASIA,0,PT_CHLD_Y0T4_REG,_T,2023,97.017,,PCNT,E,,,,,"Based on 4 countries with a population coverage 98 per cent of the regional population aged 0-4 years. These estimates are based on countries with an available data source within the reference period of 2014 to 2023 and apply a methodology that is detailed in the 2024 UNICEF global report, The Right Start in Life: Global levels and trends in birth registration, 2024 update.","While trend data are available, changes in the indicator definitions, age groups covered, as well as the measures and questions used to collect the information have changed over time. These factors affect the comparability of available data sources and require careful review and assessment in order to accurately and reliably draw conclusions about trends over time for most countries. For this reason, trend data for this indicator are not included in UNICEF global databases.","DHS, MICS, other national surveys, censuses and vital registration systems",,,EOF,,2014-23,Y0T4
dataflow,UNICEF:GLOBAL_DATAFLOW(1.0),I,SUR,1,PT_CHLD_Y0T4_REG,F,2018,98.5,,PCNT,RP,,,,,"Data refers to declaration of birth registration, being recorded in family book or registration with Civil Registry office.","While trend data are available, changes in the indicator definitions, age groups covered, as well as the measures and questions used to collect the information have changed over time. These factors affect the comparability of available data sources and require careful review and assessment in order to accurately and reliably draw conclusions about trends over time for most countries. For this reason, trend data for this indicator are not included in UNICEF global databases.",MICS 2018,,,EOF,,2018,Y0T4
dataflow,UNICEF:GLOBAL_DATAFLOW(1.0),I,SUR,1,PT_CHLD_Y0T4_REG,_T,2018,98.3,,PCNT,RP,,,,,"Data refers to declaration of birth registration, being recorded in family book or registration with Civil Registry office.","While trend data are available, changes in the indicator definitions, age groups covered, as well as the measures and questions used to collect the information have changed over time. These factors affect the comparability of available data sources and require careful review and assessment in order to accurately and reliably draw conclusions about trends over time for most countries. For this reason, trend data for this indicator are not included in UNICEF global databases.",MICS 2018,,,EOF,,2018,Y0T4
dataflow,UNICEF:GLOBAL_DATAFLOW(1.0),I,SUR,1,PT_CHLD_Y0T4_REG,M,2018,98.1,,PCNT,RP,,,,,"Data refers to declaration of birth registration, being recorded in family book or registration with Civil Registry office.","While trend data are available, changes in the indicator definitions, age groups covered, as well as the measures and questions used to collect the information have changed over time. These factors affect the comparability of available data sources and require careful review and assessment in order to accurately and reliably draw conclusions about trends over time for most countries. For this reason, trend data for this indicator are not included in UNICEF global databases.",MICS 2018,,,EOF,,2018,Y0T4
dataflow,UNICEF:GLOBAL_DATAFLOW(1.0),I,SWE,7,PT_CHLD_Y0T4_REG,F,2023,100,,PCNT,E,,,,,"Estimated coverage of birth registration was obtained on the basis of the reported completeness of the national civil registration system, which estimated at least 90% complete","While trend data are available, changes in the indicator definitions, age groups covered, as well as the measures and questions used to collect the information have changed over time. These factors affect the comparability of available data sources and require careful review and assessment in order to accurately and reliably draw conclusions about trends over time for most countries. For this reason, trend data for this indicator are not included in UNICEF global databases.","UNSD Population and Vital Statistics Report, January 2026",,,EOF,,2023,Y0T4
dataflow,UNICEF:GLOBAL_DATAFLOW(1.0),I,SWE,7,PT_CHLD_Y0T4_REG,_T,2023,100,,PCNT,E,,,,,"Estimated coverage of birth registration was obtained on the basis of the reported completeness of the national civil registration system, which estimated at least 90% complete","While trend data are available, changes in the indicator definitions, age groups covered, as well as the measures and questions used to collect the information have changed over time. These factors affect the comparability of available data sources and require careful review and assessment in order to accurately and reliably draw conclusions about trends over time for most countries. For this reason, trend data for this indicator are not included in UNICEF global databases.","UNSD Population and Vital Statistics Report, January 2026",,,EOF,,2023,Y0T4
dataflow,UNICEF:GLOBAL_DATAFLOW(1.0),I,SWE,7,PT_CHLD_Y0T4_REG,M,2023,100,,PCNT,E,,,,,"Estimated coverage of birth registration was obtained on the basis of the reported completeness of the national civil registration system, which estimated at least 90% complete","While trend data are available, changes in the indicator definitions, age groups covered, as well as the measures and questions used to collect the information have changed over time. These factors affect the comparability of available data sources and require careful review and assessment in order to accurately and reliably draw conclusions about trends over time for most countries. For this reason, trend data for this indicator are not included in UNICEF global databases.","UNSD Population and Vital Statistics Report, January 2026",,,EOF,,2023,Y0T4
dataflow,UNICEF:GLOBAL_DATAFLOW(1.0),I,CHE,7,PT_CHLD_Y0T4_REG,_T,2024,100,,PCNT,RP,,,,,Births registered,"While trend data are available, changes in the indicator definitions, age groups covered, as well as the measures and questions used to collect the information have changed over time. These factors affect the comparability of available data sources and require careful review and assessment in order to accurately and reliably draw conclusions about trends over time for most countries. For this reason, trend data for this indicator are not included in UNICEF global databases.",Federal Statistical Office,,,EOF,,2024,Y0T4
dataflow,UNICEF:GLOBAL_DATAFLOW(1.0),I,CHE,7,PT_CHLD_Y0T4_REG,M,2024,100,,PCNT,RP,,,,,Births registered,"While trend data are available, changes in the indicator definitions, age groups covered, as well as the measures and questions used to collect the information have changed over time. These factors affect the comparability of available data sources and require careful review and assessment in order to accurately and reliably draw conclusions about trends over time for most countries. For this reason, trend data for this indicator are not included in UNICEF global databases.",Federal Statistical Office,,,EOF,,2024,Y0T4
dataflow,UNICEF:GLOBAL_DATAFLOW(1.0),I,CHE,7,PT_CHLD_Y0T4_REG,F,2024,100,,PCNT,RP,,,,,Births registered,"While trend data are available, changes in the indicator definitions, age groups covered, as well as the measures and questions used to collect the information have changed over time. These factors affect the comparability of available data sources and require careful review and assessment in order to accurately and reliably draw conclusions about trends over time for most countries. For this reason, trend data for this indicator are not included in UNICEF global databases.",Federal Statistical Office,,,EOF,,2024,Y0T4
dataflow,UNICEF:GLOBAL_DATAFLOW(1.0),I,UNICEF_EECA,0,PT_CHLD_Y0T4_REG,_T,2023,99.344,,PCNT,E,,,,,"Based on 20 countries with a population coverage 98 per cent of the regional population aged 0-4 years. These estimates are based on countries with an available data source within the reference period of 2014 to 2023 and apply a methodology that is detailed in the 2024 UNICEF global report, The Right Start in Life: Global levels and trends in birth registration, 2024 update.","While trend data are available, changes in the indicator definitions, age groups covered, as well as the measures and questions used to collect the information have changed over time. These factors affect the comparability of available data sources and require careful review and assessment in order to accurately and reliably draw conclusions about trends over time for most countries. For this reason, trend data for this indicator are not included in UNICEF global databases.","DHS, MICS, other national surveys, censuses and vital registration systems",,,EOF,,2014-23,Y0T4
dataflow,UNICEF:GLOBAL_DATAFLOW(1.0),I,TJK,7,PT_CHLD_Y0T4_REG,_T,2023,96.8,,PCNT,RP,,,,,,"While trend data are available, changes in the indicator definitions, age groups covered, as well as the measures and questions used to collect the information have changed over time. These factors affect the comparability of available data sources and require careful review and assessment in order to accurately and reliably draw conclusions about trends over time for most countries. For this reason, trend data for this indicator are not included in UNICEF global databases.",DHS 2023,,,EOF,,2023,Y0T4
dataflow,UNICEF:GLOBAL_DATAFLOW(1.0),I,TJK,7,PT_CHLD_Y0T4_REG,M,2023,96.4,,PCNT,RP,,,,,,"While trend data are available, changes in the indicator definitions, age groups covered, as well as the measures and questions used to collect the information have changed over time. These factors affect the comparability of available data sources and require careful review and assessment in order to accurately and reliably draw conclusions about trends over time for most countries. For this reason, trend data for this indicator are not included in UNICEF global databases.",DHS 2023,,,EOF,,2023,Y0T4
dataflow,UNICEF:GLOBAL_DATAFLOW(1.0),I,TJK,7,PT_CHLD_Y0T4_REG,F,2023,97.2,,PCNT,RP,,,,,,"While trend data are available, changes in the indicator definitions, age groups covered, as well as the measures and questions used to collect the information have changed over time. These factors affect the comparability of available data sources and require careful review and assessment in order to accurately and reliably draw conclusions about trends over time for most countries. For this reason, trend data for this indicator are not included in UNICEF global databases.",DHS 2023,,,EOF,,2023,Y0T4
dataflow,UNICEF:GLOBAL_DATAFLOW(1.0),I,THA,6,PT_CHLD_Y0T4_REG,_T,2022,99.8,,PCNT,RP,,,,,,"While trend data are available, changes in the indicator definitions, age groups covered, as well as the measures and questions used to collect the information have changed over time. These factors affect the comparability of available data sources and require careful review and assessment in order to accurately and reliably draw conclusions about trends over time for most countries. For this reason, trend data for this indicator are not included in UNICEF global databases.",MICS 2022,,,EOF,,2022,Y0T4
dataflow,UNICEF:GLOBAL_DATAFLOW(1.0),I,THA,6,PT_CHLD_Y0T4_REG,M,2022,99.9,,PCNT,RP,,,,,,"While trend data are available, changes in the indicator definitions, age groups covered, as well as the measures and questions used to collect the information have changed over time. These factors affect the comparability of available data sources and require careful review and assessment in order to accurately and reliably draw conclusions about trends over time for most countries. For this reason, trend data for this indicator are not included in UNICEF global databases.",MICS 2022,,,EOF,,2022,Y0T4
dataflow,UNICEF:GLOBAL_DATAFLOW(1.0),I,THA,6,PT_CHLD_Y0T4_REG,F,2022,99.7,,PCNT,RP,,,,,,"While trend data are available, changes in the indicator definitions, age groups covered, as well as the measures and questions used to collect the information have changed over time. These factors affect the comparability of available data sources and require careful review and assessment in order to accurately and reliably draw conclusions about trends over time for most countries. For this reason, trend data for this indicator are not included in UNICEF global databases.",MICS 2022,,,EOF,,2022,Y0T4
dataflow,UNICEF:GLOBAL_DATAFLOW(1.0),I,UNSDG_EASTERNASIASOUTHEASTERNASIA,0,PT_CHLD_Y0T4_REG,_T,2023,94.068,,PCNT,E,,,,,"Based on 15 countries with a population coverage 99 per cent of the regional population aged 0-4 years. These estimates are based on countries with an available data source within the reference period of 2014 to 2023 and apply a methodology that is detailed in the 2024 UNICEF global report, The Right Start in Life: Global levels and trends in birth registration, 2024 update.","While trend data are available, changes in the indicator definitions, age groups covered, as well as the measures and questions used to collect the information have changed over time. These factors affect the comparability of available data sources and require careful review and assessment in order to accurately and reliably draw conclusions about trends over time for most countries. For this reason, trend data for this indicator are not included in UNICEF global databases.","DHS, MICS, other national surveys, censuses and vital registration systems",,,EOF,,2014-23,Y0T4
dataflow,UNICEF:GLOBAL_DATAFLOW(1.0),I,TLS,4,PT_CHLD_Y0T4_REG,_T,2016,60.4,,PCNT,RP,,,,,,"While trend data are available, changes in the indicator definitions, age groups covered, as well as the measures and questions used to collect the information have changed over time. These factors affect the comparability of available data sources and require careful review and assessment in order to accurately and reliably draw conclusions about trends over time for most countries. For this reason, trend data for this indicator are not included in UNICEF global databases.",DHS 2016,,,EOF,,2016,Y0T4
dataflow,UNICEF:GLOBAL_DATAFLOW(1.0),I,TLS,4,PT_CHLD_Y0T4_REG,M,2016,59.8,,PCNT,RP,,,,,,"While trend data are available, changes in the indicator definitions, age groups covered, as well as the measures and questions used to collect the information have changed over time. These factors affect the comparability of available data sources and require careful review and assessment in order to accurately and reliably draw conclusions about trends over time for most countries. For this reason, trend data for this indicator are not included in UNICEF global databases.",DHS 2016,,,EOF,,2016,Y0T4
dataflow,UNICEF:GLOBAL_DATAFLOW(1.0),I,TLS,4,PT_CHLD_Y0T4_REG,F,2016,61,,PCNT,RP,,,,,,"While trend data are available, changes in the indicator definitions, age groups covered, as well as the measures and questions used to collect the information have changed over time. These factors affect the comparability of available data sources and require careful review and assessment in order to accurately and reliably draw conclusions about trends over time for most countries. For this reason, trend data for this indicator are not included in UNICEF global databases.",DHS 2016,,,EOF,,2016,Y0T4
dataflow,UNICEF:GLOBAL_DATAFLOW(1.0),I,TGO,2,PT_CHLD_Y0T4_REG,_T,2017,82.9,,PCNT,RP,,,,,,"While trend data are available, changes in the indicator definitions, age groups covered, as well as the measures and questions used to collect the information have changed over time. These factors affect the comparability of available data sources and require careful review and assessment in order to accurately and reliably draw conclusions about trends over time for most countries. For this reason, trend data for this indicator are not included in UNICEF global databases.",MICS 2017,,,EOF,,2017,Y0T4
dataflow,UNICEF:GLOBAL_DATAFLOW(1.0),I,TGO,2,PT_CHLD_Y0T4_REG,M,2017,83.9,,PCNT,RP,,,,,,"While trend data are available, changes in the indicator definitions, age groups covered, as well as the measures and questions used to collect the information have changed over time. These factors affect the comparability of available data sources and require careful review and assessment in order to accurately and reliably draw conclusions about trends over time for most countries. For this reason, trend data for this indicator are not included in UNICEF global databases.",MICS 2017,,,EOF,,2017,Y0T4
dataflow,UNICEF:GLOBAL_DATAFLOW(1.0),I,TGO,2,PT_CHLD_Y0T4_REG,F,2017,81.7,,PCNT,RP,,,,,,"While trend data are available, changes in the indicator definitions, age groups covered, as well as the measures and questions used to collect the information have changed over time. These factors affect the comparability of available data sources and require careful review and assessment in order to accurately and reliably draw conclusions about trends over time for most countries. For this reason, trend data for this indicator are not included in UNICEF global databases.",MICS 2017,,,EOF,,2017,Y0T4
dataflow,UNICEF:GLOBAL_DATAFLOW(1.0),I,UNICEF_ESA,0,PT_CHLD_Y0T4_REG,_T,2023,46.11,,PCNT,E,,,,,"Based on 19 countries with a population coverage 94 per cent of the regional population aged 0-4 years. These estimates are based on countries with an available data source within the reference period of 2014 to 2023 and apply a methodology that is detailed in the 2024 UNICEF global report, The Right Start in Life: Global levels and trends in birth registration, 2024 update.","While trend data are available, changes in the indicator definitions, age groups covered, as well as the measures and questions used to collect the information have changed over time. These factors affect the comparability of available data sources and require careful review and assessment in order to accurately and reliably draw conclusions about trends over time for most countries. For this reason, trend data for this indicator are not included in UNICEF global databases.","DHS, MICS, other national surveys, censuses and vital registration systems",,,EOF,,2014-23,Y0T4
dataflow,UNICEF:GLOBAL_DATAFLOW(1.0),I,TON,6,PT_CHLD_Y0T4_REG,_T,2019,97.7,,PCNT,RP,,,,,,"While trend data are available, changes in the indicator definitions, age groups covered, as well as the measures and questions used to collect the information have changed over time. These factors affect the comparability of available data sources and require careful review and assessment in order to accurately and reliably draw conclusions about trends over time for most countries. For this reason, trend data for this indicator are not included in UNICEF global databases.",MICS 2019,,,EOF,,2019,Y0T4
dataflow,UNICEF:GLOBAL_DATAFLOW(1.0),I,TON,6,PT_CHLD_Y0T4_REG,M,2019,97.3,,PCNT,RP,,,,,,"While trend data are available, changes in the indicator definitions, age groups covered, as well as the measures and questions used to collect the information have changed over time. These factors affect the comparability of available data sources and require careful review and assessment in order to accurately and reliably draw conclusions about trends over time for most countries. For this reason, trend data for this indicator are not included in UNICEF global databases.",MICS 2019,,,EOF,,2019,Y0T4
dataflow,UNICEF:GLOBAL_DATAFLOW(1.0),I,TON,6,PT_CHLD_Y0T4_REG,F,2019,98.1,,PCNT,RP,,,,,,"While trend data are available, changes in the indicator definitions, age groups covered, as well as the measures and questions used to collect the information have changed over time. These factors affect the comparability of available data sources and require careful review and assessment in order to accurately and reliably draw conclusions about trends over time for most countries. For this reason, trend data for this indicator are not included in UNICEF global databases.",MICS 2019,,,EOF,,2019,Y0T4
dataflow,UNICEF:GLOBAL_DATAFLOW(1.0),I,TTO,1,PT_CHLD_Y0T4_REG,_T,2022,96.1,,PCNT,RP,,,,,Only one (1) of the selected enumeration districts was not visited because of safety concerns during the fieldwork period,"While trend data are available, changes in the indicator definitions, age groups covered, as well as the measures and questions used to collect the information have changed over time. These factors affect the comparability of available data sources and require careful review and assessment in order to accurately and reliably draw conclusions about trends over time for most countries. For this reason, trend data for this indicator are not included in UNICEF global databases.",MICS 2022,,,EOF,,2022,Y0T4
dataflow,UNICEF:GLOBAL_DATAFLOW(1.0),I,TTO,1,PT_CHLD_Y0T4_REG,M,2022,95.3,,PCNT,RP,,,,,Only one (1) of the selected enumeration districts was not visited because of safety concerns during the fieldwork period,"While trend data are available, changes in the indicator definitions, age groups covered, as well as the measures and questions used to collect the information have changed over time. These factors affect the comparability of available data sources and require careful review and assessment in order to accurately and reliably draw conclusions about trends over time for most countries. For this reason, trend data for this indicator are not included in UNICEF global databases.",MICS 2022,,,EOF,,2022,Y0T4
dataflow,UNICEF:GLOBAL_DATAFLOW(1.0),I,TTO,1,PT_CHLD_Y0T4_REG,F,2022,96.8,,PCNT,RP,,,,,Only one (1) of the selected enumeration districts was not visited because of safety concerns during the fieldwork period,"While trend data are available, changes in the indicator definitions, age groups covered, as well as the measures and questions used to collect the information have changed over time. These factors affect the comparability of available data sources and require careful review and assessment in order to accurately and reliably draw conclusions about trends over time for most countries. For this reason, trend data for this indicator are not included in UNICEF global databases.",MICS 2022,,,EOF,,2022,Y0T4
dataflow,UNICEF:GLOBAL_DATAFLOW(1.0),I,ECU,1,PT_CHLD_Y0T4_REG,M,2024,88.2,,PCNT,RP,,,,,Births registered,"While trend data are available, changes in the indicator definitions, age groups covered, as well as the measures and questions used to collect the information have changed over time. These factors affect the comparability of available data sources and require careful review and assessment in order to accurately and reliably draw conclusions about trends over time for most countries. For this reason, trend data for this indicator are not included in UNICEF global databases.","General Directorate of Civil Registry and Identification (DIGERCIC) and Nationa Institute of Statistics and Censuses (INEC), 2024",,,EOF,,2024,Y0T4
dataflow,UNICEF:GLOBAL_DATAFLOW(1.0),I,ECU,1,PT_CHLD_Y0T4_REG,F,2024,88.3,,PCNT,RP,,,,,Births registered,"While trend data are available, changes in the indicator definitions, age groups covered, as well as the measures and questions used to collect the information have changed over time. These factors affect the comparability of available data sources and require careful review and assessment in order to accurately and reliably draw conclusions about trends over time for most countries. For this reason, trend data for this indicator are not included in UNICEF global databases.","General Directorate of Civil Registry and Identification (DIGERCIC) and Nationa Institute of Statistics and Censuses (INEC), 2024",,,EOF,,2024,Y0T4
dataflow,UNICEF:GLOBAL_DATAFLOW(1.0),I,ECU,1,PT_CHLD_Y0T4_REG,_T,2024,88.2,,PCNT,RP,,,,,Births registered,"While trend data are available, changes in the indicator definitions, age groups covered, as well as the measures and questions used to collect the information have changed over time. These factors affect the comparability of available data sources and require careful review and assessment in order to accurately and reliably draw conclusions about trends over time for most countries. For this reason, trend data for this indicator are not included in UNICEF global databases.","General Directorate of Civil Registry and Identification (DIGERCIC) and Nationa Institute of Statistics and Censuses (INEC), 2024",,,EOF,,2024,Y0T4
dataflow,UNICEF:GLOBAL_DATAFLOW(1.0),I,TUN,4,PT_CHLD_Y0T4_REG,_T,2023,99.8,,PCNT,RP,,,,,,"While trend data are available, changes in the indicator definitions, age groups covered, as well as the measures and questions used to collect the information have changed over time. These factors affect the comparability of available data sources and require careful review and assessment in order to accurately and reliably draw conclusions about trends over time for most countries. For this reason, trend data for this indicator are not included in UNICEF global databases.",MICS 2023,,,EOF,,2023,Y0T4
dataflow,UNICEF:GLOBAL_DATAFLOW(1.0),I,TUN,4,PT_CHLD_Y0T4_REG,M,2023,99.8,,PCNT,RP,,,,,,"While trend data are available, changes in the indicator definitions, age groups covered, as well as the measures and questions used to collect the information have changed over time. These factors affect the comparability of available data sources and require careful review and assessment in order to accurately and reliably draw conclusions about trends over time for most countries. For this reason, trend data for this indicator are not included in UNICEF global databases.",MICS 2023,,,EOF,,2023,Y0T4
dataflow,UNICEF:GLOBAL_DATAFLOW(1.0),I,TUN,4,PT_CHLD_Y0T4_REG,F,2023,99.8,,PCNT,RP,,,,,,"While trend data are available, changes in the indicator definitions, age groups covered, as well as the measures and questions used to collect the information have changed over time. These factors affect the comparability of available data sources and require careful review and assessment in order to accurately and reliably draw conclusions about trends over time for most countries. For this reason, trend data for this indicator are not included in UNICEF global databases.",MICS 2023,,,EOF,,2023,Y0T4
dataflow,UNICEF:GLOBAL_DATAFLOW(1.0),I,EGY,4,PT_CHLD_Y0T4_REG,F,2021,99.1,,PCNT,RP,,,,,North Sinai was excluded from the survey due to the special circumstances of the governorate.,"While trend data are available, changes in the indicator definitions, age groups covered, as well as the measures and questions used to collect the information have changed over time. These factors affect the comparability of available data sources and require careful review and assessment in order to accurately and reliably draw conclusions about trends over time for most countries. For this reason, trend data for this indicator are not included in UNICEF global databases.",EFHS 2021,,,EOF,,2021,Y0T4
dataflow,UNICEF:GLOBAL_DATAFLOW(1.0),I,EGY,4,PT_CHLD_Y0T4_REG,_T,2021,99.1,,PCNT,RP,,,,,North Sinai was excluded from the survey due to the special circumstances of the governorate.,"While trend data are available, changes in the indicator definitions, age groups covered, as well as the measures and questions used to collect the information have changed over time. These factors affect the comparability of available data sources and require careful review and assessment in order to accurately and reliably draw conclusions about trends over time for most countries. For this reason, trend data for this indicator are not included in UNICEF global databases.",EFHS 2021,,,EOF,,2021,Y0T4
dataflow,UNICEF:GLOBAL_DATAFLOW(1.0),I,EGY,4,PT_CHLD_Y0T4_REG,M,2021,99.1,,PCNT,RP,,,,,North Sinai was excluded from the survey due to the special circumstances of the governorate.,"While trend data are available, changes in the indicator definitions, age groups covered, as well as the measures and questions used to collect the information have changed over time. These factors affect the comparability of available data sources and require careful review and assessment in order to accurately and reliably draw conclusions about trends over time for most countries. For this reason, trend data for this indicator are not included in UNICEF global databases.",EFHS 2021,,,EOF,,2021,Y0T4
dataflow,UNICEF:GLOBAL_DATAFLOW(1.0),I,TKM,5,PT_CHLD_Y0T4_REG,_T,2019,99.9,,PCNT,RP,,,,,,"While trend data are available, changes in the indicator definitions, age groups covered, as well as the measures and questions used to collect the information have changed over time. These factors affect the comparability of available data sources and require careful review and assessment in order to accurately and reliably draw conclusions about trends over time for most countries. For this reason, trend data for this indicator are not included in UNICEF global databases.",MICS 2019,,,EOF,,2019,Y0T4
dataflow,UNICEF:GLOBAL_DATAFLOW(1.0),I,TKM,5,PT_CHLD_Y0T4_REG,M,2019,99.8,,PCNT,RP,,,,,,"While trend data are available, changes in the indicator definitions, age groups covered, as well as the measures and questions used to collect the information have changed over time. These factors affect the comparability of available data sources and require careful review and assessment in order to accurately and reliably draw conclusions about trends over time for most countries. For this reason, trend data for this indicator are not included in UNICEF global databases.",MICS 2019,,,EOF,,2019,Y0T4
dataflow,UNICEF:GLOBAL_DATAFLOW(1.0),I,TKM,5,PT_CHLD_Y0T4_REG,F,2019,99.9,,PCNT,RP,,,,,,"While trend data are available, changes in the indicator definitions, age groups covered, as well as the measures and questions used to collect the information have changed over time. These factors affect the comparability of available data sources and require careful review and assessment in order to accurately and reliably draw conclusions about trends over time for most countries. For this reason, trend data for this indicator are not included in UNICEF global databases.",MICS 2019,,,EOF,,2019,Y0T4
dataflow,UNICEF:GLOBAL_DATAFLOW(1.0),I,TCA,2,PT_CHLD_Y0T4_REG,_T,2020,99.2,,PCNT,RP,,,,,,"While trend data are available, changes in the indicator definitions, age groups covered, as well as the measures and questions used to collect the information have changed over time. These factors affect the comparability of available data sources and require careful review and assessment in order to accurately and reliably draw conclusions about trends over time for most countries. For this reason, trend data for this indicator are not included in UNICEF global databases.",MICS 2019-20,,,EOF,,2019-20,Y0T4
dataflow,UNICEF:GLOBAL_DATAFLOW(1.0),I,TCA,2,PT_CHLD_Y0T4_REG,M,2020,99.4,,PCNT,RP,,,,,,"While trend data are available, changes in the indicator definitions, age groups covered, as well as the measures and questions used to collect the information have changed over time. These factors affect the comparability of available data sources and require careful review and assessment in order to accurately and reliably draw conclusions about trends over time for most countries. For this reason, trend data for this indicator are not included in UNICEF global databases.",MICS 2019-20,,,EOF,,2019-20,Y0T4
dataflow,UNICEF:GLOBAL_DATAFLOW(1.0),I,TCA,2,PT_CHLD_Y0T4_REG,F,2020,99.1,,PCNT,RP,,,,,,"While trend data are available, changes in the indicator definitions, age groups covered, as well as the measures and questions used to collect the information have changed over time. These factors affect the comparability of available data sources and require careful review and assessment in order to accurately and reliably draw conclusions about trends over time for most countries. For this reason, trend data for this indicator are not included in UNICEF global databases.",MICS 2019-20,,,EOF,,2019-20,Y0T4
dataflow,UNICEF:GLOBAL_DATAFLOW(1.0),I,TUV,6,PT_CHLD_Y0T4_REG,M,2020,85.4,,PCNT,RP,,,,,,"While trend data are available, changes in the indicator definitions, age groups covered, as well as the measures and questions used to collect the information have changed over time. These factors affect the comparability of available data sources and require careful review and assessment in order to accurately and reliably draw conclusions about trends over time for most countries. For this reason, trend data for this indicator are not included in UNICEF global databases.",MICS 2019-20,,,EOF,,2019-20,Y0T4
dataflow,UNICEF:GLOBAL_DATAFLOW(1.0),I,TUV,6,PT_CHLD_Y0T4_REG,F,2020,89.3,,PCNT,RP,,,,,,"While trend data are available, changes in the indicator definitions, age groups covered, as well as the measures and questions used to collect the information have changed over time. These factors affect the comparability of available data sources and require careful review and assessment in order to accurately and reliably draw conclusions about trends over time for most countries. For this reason, trend data for this indicator are not included in UNICEF global databases.",MICS 2019-20,,,EOF,,2019-20,Y0T4
dataflow,UNICEF:GLOBAL_DATAFLOW(1.0),I,TUV,6,PT_CHLD_Y0T4_REG,_T,2020,87.2,,PCNT,RP,,,,,,"While trend data are available, changes in the indicator definitions, age groups covered, as well as the measures and questions used to collect the information have changed over time. These factors affect the comparability of available data sources and require careful review and assessment in order to accurately and reliably draw conclusions about trends over time for most countries. For this reason, trend data for this indicator are not included in UNICEF global databases.",MICS 2019-20,,,EOF,,2019-20,Y0T4
dataflow,UNICEF:GLOBAL_DATAFLOW(1.0),I,SLV,7,PT_CHLD_Y0T4_REG,M,2021,99,,PCNT,RP,,,,,,"While trend data are available, changes in the indicator definitions, age groups covered, as well as the measures and questions used to collect the information have changed over time. These factors affect the comparability of available data sources and require careful review and assessment in order to accurately and reliably draw conclusions about trends over time for most countries. For this reason, trend data for this indicator are not included in UNICEF global databases.",NHS 2021,,,EOF,,2021,Y0T4
dataflow,UNICEF:GLOBAL_DATAFLOW(1.0),I,SLV,7,PT_CHLD_Y0T4_REG,F,2021,99,,PCNT,RP,,,,,,"While trend data are available, changes in the indicator definitions, age groups covered, as well as the measures and questions used to collect the information have changed over time. These factors affect the comparability of available data sources and require careful review and assessment in order to accurately and reliably draw conclusions about trends over time for most countries. For this reason, trend data for this indicator are not included in UNICEF global databases.",NHS 2021,,,EOF,,2021,Y0T4
dataflow,UNICEF:GLOBAL_DATAFLOW(1.0),I,SLV,7,PT_CHLD_Y0T4_REG,_T,2021,99,,PCNT,RP,,,,,,"While trend data are available, changes in the indicator definitions, age groups covered, as well as the measures and questions used to collect the information have changed over time. These factors affect the comparability of available data sources and require careful review and assessment in order to accurately and reliably draw conclusions about trends over time for most countries. For this reason, trend data for this indicator are not included in UNICEF global databases.",NHS 2021,,,EOF,,2021,Y0T4
dataflow,UNICEF:GLOBAL_DATAFLOW(1.0),I,TUR,7,PT_CHLD_Y0T4_REG,F,2018,98.7,,PCNT,RP,,,,,Only asks if children were registered with population registry (does not ask about possession of birth certificate).,"While trend data are available, changes in the indicator definitions, age groups covered, as well as the measures and questions used to collect the information have changed over time. These factors affect the comparability of available data sources and require careful review and assessment in order to accurately and reliably draw conclusions about trends over time for most countries. For this reason, trend data for this indicator are not included in UNICEF global databases.",DHS 2018,,,EOF,,2018,Y0T4
dataflow,UNICEF:GLOBAL_DATAFLOW(1.0),I,TUR,7,PT_CHLD_Y0T4_REG,_T,2018,98.4,,PCNT,RP,,,,,Only asks if children were registered with population registry (does not ask about possession of birth certificate).,"While trend data are available, changes in the indicator definitions, age groups covered, as well as the measures and questions used to collect the information have changed over time. These factors affect the comparability of available data sources and require careful review and assessment in order to accurately and reliably draw conclusions about trends over time for most countries. For this reason, trend data for this indicator are not included in UNICEF global databases.",DHS 2018,,,EOF,,2018,Y0T4
dataflow,UNICEF:GLOBAL_DATAFLOW(1.0),I,TUR,7,PT_CHLD_Y0T4_REG,M,2018,98.2,,PCNT,RP,,,,,Only asks if children were registered with population registry (does not ask about possession of birth certificate).,"While trend data are available, changes in the indicator definitions, age groups covered, as well as the measures and questions used to collect the information have changed over time. These factors affect the comparability of available data sources and require careful review and assessment in order to accurately and reliably draw conclusions about trends over time for most countries. For this reason, trend data for this indicator are not included in UNICEF global databases.",DHS 2018,,,EOF,,2018,Y0T4
dataflow,UNICEF:GLOBAL_DATAFLOW(1.0),I,EST,7,PT_CHLD_Y0T4_REG,_T,2023,100,,PCNT,RP,,,,,Births registered,"While trend data are available, changes in the indicator definitions, age groups covered, as well as the measures and questions used to collect the information have changed over time. These factors affect the comparability of available data sources and require careful review and assessment in order to accurately and reliably draw conclusions about trends over time for most countries. For this reason, trend data for this indicator are not included in UNICEF global databases.",Statistics Estonia,,,EOF,,2023,Y0T4
dataflow,UNICEF:GLOBAL_DATAFLOW(1.0),I,EST,7,PT_CHLD_Y0T4_REG,M,2023,100,,PCNT,RP,,,,,Births registered,"While trend data are available, changes in the indicator definitions, age groups covered, as well as the measures and questions used to collect the information have changed over time. These factors affect the comparability of available data sources and require careful review and assessment in order to accurately and reliably draw conclusions about trends over time for most countries. For this reason, trend data for this indicator are not included in UNICEF global databases.",Statistics Estonia,,,EOF,,2023,Y0T4
dataflow,UNICEF:GLOBAL_DATAFLOW(1.0),I,EST,7,PT_CHLD_Y0T4_REG,F,2023,100,,PCNT,RP,,,,,Births registered,"While trend data are available, changes in the indicator definitions, age groups covered, as well as the measures and questions used to collect the information have changed over time. These factors affect the comparability of available data sources and require careful review and assessment in order to accurately and reliably draw conclusions about trends over time for most countries. For this reason, trend data for this indicator are not included in UNICEF global databases.",Statistics Estonia,,,EOF,,2023,Y0T4
dataflow,UNICEF:GLOBAL_DATAFLOW(1.0),I,SWZ,3,PT_CHLD_Y0T4_REG,M,2022,67.1,,PCNT,RP,,,,,,"While trend data are available, changes in the indicator definitions, age groups covered, as well as the measures and questions used to collect the information have changed over time. These factors affect the comparability of available data sources and require careful review and assessment in order to accurately and reliably draw conclusions about trends over time for most countries. For this reason, trend data for this indicator are not included in UNICEF global databases.",MICS 2021-22,,,EOF,,2021-22,Y0T4
dataflow,UNICEF:GLOBAL_DATAFLOW(1.0),I,SWZ,3,PT_CHLD_Y0T4_REG,F,2022,64.2,,PCNT,RP,,,,,,"While trend data are available, changes in the indicator definitions, age groups covered, as well as the measures and questions used to collect the information have changed over time. These factors affect the comparability of available data sources and require careful review and assessment in order to accurately and reliably draw conclusions about trends over time for most countries. For this reason, trend data for this indicator are not included in UNICEF global databases.",MICS 2021-22,,,EOF,,2021-22,Y0T4
dataflow,UNICEF:GLOBAL_DATAFLOW(1.0),I,SWZ,3,PT_CHLD_Y0T4_REG,_T,2022,65.7,,PCNT,RP,,,,,,"While trend data are available, changes in the indicator definitions, age groups covered, as well as the measures and questions used to collect the information have changed over time. These factors affect the comparability of available data sources and require careful review and assessment in order to accurately and reliably draw conclusions about trends over time for most countries. For this reason, trend data for this indicator are not included in UNICEF global databases.",MICS 2021-22,,,EOF,,2021-22,Y0T4
dataflow,UNICEF:GLOBAL_DATAFLOW(1.0),I,ETH,3,PT_CHLD_Y0T4_REG,F,2016,2.6,,PCNT,RP,,,,,,"While trend data are available, changes in the indicator definitions, age groups covered, as well as the measures and questions used to collect the information have changed over time. These factors affect the comparability of available data sources and require careful review and assessment in order to accurately and reliably draw conclusions about trends over time for most countries. For this reason, trend data for this indicator are not included in UNICEF global databases.",DHS 2016,,,EOF,,2016,Y0T4
dataflow,UNICEF:GLOBAL_DATAFLOW(1.0),I,ETH,3,PT_CHLD_Y0T4_REG,_T,2016,2.7,,PCNT,RP,,,,,,"While trend data are available, changes in the indicator definitions, age groups covered, as well as the measures and questions used to collect the information have changed over time. These factors affect the comparability of available data sources and require careful review and assessment in order to accurately and reliably draw conclusions about trends over time for most countries. For this reason, trend data for this indicator are not included in UNICEF global databases.",DHS 2016,,,EOF,,2016,Y0T4
dataflow,UNICEF:GLOBAL_DATAFLOW(1.0),I,ETH,3,PT_CHLD_Y0T4_REG,M,2016,2.7,,PCNT,RP,,,,,,"While trend data are available, changes in the indicator definitions, age groups covered, as well as the measures and questions used to collect the information have changed over time. These factors affect the comparability of available data sources and require careful review and assessment in order to accurately and reliably draw conclusions about trends over time for most countries. For this reason, trend data for this indicator are not included in UNICEF global databases.",DHS 2016,,,EOF,,2016,Y0T4
dataflow,UNICEF:GLOBAL_DATAFLOW(1.0),I,UNSDG_EUROPE,0,PT_CHLD_Y0T4_REG,_T,2023,99.98,,PCNT,E,,,,,"Based on 44 countries with a population coverage 100 per cent of the regional population aged 0-4 years. These estimates are based on countries with an available data source within the reference period of 2014 to 2023 and apply a methodology that is detailed in the 2024 UNICEF global report, The Right Start in Life: Global levels and trends in birth registration, 2024 update.","While trend data are available, changes in the indicator definitions, age groups covered, as well as the measures and questions used to collect the information have changed over time. These factors affect the comparability of available data sources and require careful review and assessment in order to accurately and reliably draw conclusions about trends over time for most countries. For this reason, trend data for this indicator are not included in UNICEF global databases.","DHS, MICS, other national surveys, censuses and vital registration systems",,,EOF,,2014-23,Y0T4
dataflow,UNICEF:GLOBAL_DATAFLOW(1.0),I,UGA,3,PT_CHLD_Y0T4_REG,_T,2016,32.2,,PCNT,RP,,,,,,"While trend data are available, changes in the indicator definitions, age groups covered, as well as the measures and questions used to collect the information have changed over time. These factors affect the comparability of available data sources and require careful review and assessment in order to accurately and reliably draw conclusions about trends over time for most countries. For this reason, trend data for this indicator are not included in UNICEF global databases.",DHS 2016,,,EOF,,2016,Y0T4
dataflow,UNICEF:GLOBAL_DATAFLOW(1.0),I,UGA,3,PT_CHLD_Y0T4_REG,M,2016,32.2,,PCNT,RP,,,,,,"While trend data are available, changes in the indicator definitions, age groups covered, as well as the measures and questions used to collect the information have changed over time. These factors affect the comparability of available data sources and require careful review and assessment in order to accurately and reliably draw conclusions about trends over time for most countries. For this reason, trend data for this indicator are not included in UNICEF global databases.",DHS 2016,,,EOF,,2016,Y0T4
dataflow,UNICEF:GLOBAL_DATAFLOW(1.0),I,UGA,3,PT_CHLD_Y0T4_REG,F,2016,32.2,,PCNT,RP,,,,,,"While trend data are available, changes in the indicator definitions, age groups covered, as well as the measures and questions used to collect the information have changed over time. These factors affect the comparability of available data sources and require careful review and assessment in order to accurately and reliably draw conclusions about trends over time for most countries. For this reason, trend data for this indicator are not included in UNICEF global databases.",DHS 2016,,,EOF,,2016,Y0T4
dataflow,UNICEF:GLOBAL_DATAFLOW(1.0),I,UNICEF_ECA,0,PT_CHLD_Y0T4_REG,_T,2023,99.648,,PCNT,E,,,,,"Based on 53 countries with a population coverage 99 per cent of the regional population aged 0-4 years. These estimates are based on countries with an available data source within the reference period of 2014 to 2023 and apply a methodology that is detailed in the 2024 UNICEF global report, The Right Start in Life: Global levels and trends in birth registration, 2024 update.","While trend data are available, changes in the indicator definitions, age groups covered, as well as the measures and questions used to collect the information have changed over time. These factors affect the comparability of available data sources and require careful review and assessment in order to accurately and reliably draw conclusions about trends over time for most countries. For this reason, trend data for this indicator are not included in UNICEF global databases.","DHS, MICS, other national surveys, censuses and vital registration systems",,,EOF,,2014-23,Y0T4
dataflow,UNICEF:GLOBAL_DATAFLOW(1.0),I,ARE,6,PT_CHLD_Y0T4_REG,_T,2023,100,,PCNT,RP,,,,,Births registered,"While trend data are available, changes in the indicator definitions, age groups covered, as well as the measures and questions used to collect the information have changed over time. These factors affect the comparability of available data sources and require careful review and assessment in order to accurately and reliably draw conclusions about trends over time for most countries. For this reason, trend data for this indicator are not included in UNICEF global databases.",Ministry of Health and Prevention 2023,,,EOF,,2023,Y0T4
dataflow,UNICEF:GLOBAL_DATAFLOW(1.0),I,ARE,6,PT_CHLD_Y0T4_REG,M,2023,100,,PCNT,RP,,,,,Births registered,"While trend data are available, changes in the indicator definitions, age groups covered, as well as the measures and questions used to collect the information have changed over time. These factors affect the comparability of available data sources and require careful review and assessment in order to accurately and reliably draw conclusions about trends over time for most countries. For this reason, trend data for this indicator are not included in UNICEF global databases.",Ministry of Health and Prevention 2023,,,EOF,,2023,Y0T4
dataflow,UNICEF:GLOBAL_DATAFLOW(1.0),I,ARE,6,PT_CHLD_Y0T4_REG,F,2023,100,,PCNT,RP,,,,,Births registered,"While trend data are available, changes in the indicator definitions, age groups covered, as well as the measures and questions used to collect the information have changed over time. These factors affect the comparability of available data sources and require careful review and assessment in order to accurately and reliably draw conclusions about trends over time for most countries. For this reason, trend data for this indicator are not included in UNICEF global databases.",Ministry of Health and Prevention 2023,,,EOF,,2023,Y0T4
dataflow,UNICEF:GLOBAL_DATAFLOW(1.0),I,GBR,7,PT_CHLD_Y0T4_REG,_T,2023,100,,PCNT,E,,,,,"Estimated coverage of birth registration was obtained on the basis of the reported completeness of the national civil registration system, which estimated at least 90% complete","While trend data are available, changes in the indicator definitions, age groups covered, as well as the measures and questions used to collect the information have changed over time. These factors affect the comparability of available data sources and require careful review and assessment in order to accurately and reliably draw conclusions about trends over time for most countries. For this reason, trend data for this indicator are not included in UNICEF global databases.","UNSD Population and Vital Statistics Report, January 2026",,,EOF,,2023,Y0T4
dataflow,UNICEF:GLOBAL_DATAFLOW(1.0),I,GBR,7,PT_CHLD_Y0T4_REG,M,2023,100,,PCNT,E,,,,,"Estimated coverage of birth registration was obtained on the basis of the reported completeness of the national civil registration system, which estimated at least 90% complete","While trend data are available, changes in the indicator definitions, age groups covered, as well as the measures and questions used to collect the information have changed over time. These factors affect the comparability of available data sources and require careful review and assessment in order to accurately and reliably draw conclusions about trends over time for most countries. For this reason, trend data for this indicator are not included in UNICEF global databases.","UNSD Population and Vital Statistics Report, January 2026",,,EOF,,2023,Y0T4
dataflow,UNICEF:GLOBAL_DATAFLOW(1.0),I,GBR,7,PT_CHLD_Y0T4_REG,F,2023,100,,PCNT,E,,,,,"Estimated coverage of birth registration was obtained on the basis of the reported completeness of the national civil registration system, which estimated at least 90% complete","While trend data are available, changes in the indicator definitions, age groups covered, as well as the measures and questions used to collect the information have changed over time. These factors affect the comparability of available data sources and require careful review and assessment in order to accurately and reliably draw conclusions about trends over time for most countries. For this reason, trend data for this indicator are not included in UNICEF global databases.","UNSD Population and Vital Statistics Report, January 2026",,,EOF,,2023,Y0T4
dataflow,UNICEF:GLOBAL_DATAFLOW(1.0),I,UNSDG_EUROPENORTHERNAMR,0,PT_CHLD_Y0T4_REG,_T,2023,99.987,,PCNT,E,,,,,"Based on 46 countries with a population coverage 100 per cent of the regional population aged 0-4 years. These estimates are based on countries with an available data source within the reference period of 2014 to 2023 and apply a methodology that is detailed in the 2024 UNICEF global report, The Right Start in Life: Global levels and trends in birth registration, 2024 update.","While trend data are available, changes in the indicator definitions, age groups covered, as well as the measures and questions used to collect the information have changed over time. These factors affect the comparability of available data sources and require careful review and assessment in order to accurately and reliably draw conclusions about trends over time for most countries. For this reason, trend data for this indicator are not included in UNICEF global databases.","DHS, MICS, other national surveys, censuses and vital registration systems",,,EOF,,2014-23,Y0T4
dataflow,UNICEF:GLOBAL_DATAFLOW(1.0),I,FJI,6,PT_CHLD_Y0T4_REG,F,2021,86.3,,PCNT,RP,,,,,,"While trend data are available, changes in the indicator definitions, age groups covered, as well as the measures and questions used to collect the information have changed over time. These factors affect the comparability of available data sources and require careful review and assessment in order to accurately and reliably draw conclusions about trends over time for most countries. For this reason, trend data for this indicator are not included in UNICEF global databases.",MICS 2021,,,EOF,,2021,Y0T4
dataflow,UNICEF:GLOBAL_DATAFLOW(1.0),I,FJI,6,PT_CHLD_Y0T4_REG,_T,2021,86.6,,PCNT,RP,,,,,,"While trend data are available, changes in the indicator definitions, age groups covered, as well as the measures and questions used to collect the information have changed over time. These factors affect the comparability of available data sources and require careful review and assessment in order to accurately and reliably draw conclusions about trends over time for most countries. For this reason, trend data for this indicator are not included in UNICEF global databases.",MICS 2021,,,EOF,,2021,Y0T4
dataflow,UNICEF:GLOBAL_DATAFLOW(1.0),I,FJI,6,PT_CHLD_Y0T4_REG,M,2021,86.8,,PCNT,RP,,,,,,"While trend data are available, changes in the indicator definitions, age groups covered, as well as the measures and questions used to collect the information have changed over time. These factors affect the comparability of available data sources and require careful review and assessment in order to accurately and reliably draw conclusions about trends over time for most countries. For this reason, trend data for this indicator are not included in UNICEF global databases.",MICS 2021,,,EOF,,2021,Y0T4
dataflow,UNICEF:GLOBAL_DATAFLOW(1.0),I,FIN,7,PT_CHLD_Y0T4_REG,_T,2021,100,,PCNT,RP,,,,,Births registered,"While trend data are available, changes in the indicator definitions, age groups covered, as well as the measures and questions used to collect the information have changed over time. These factors affect the comparability of available data sources and require careful review and assessment in order to accurately and reliably draw conclusions about trends over time for most countries. For this reason, trend data for this indicator are not included in UNICEF global databases.",Statistics Finland,,,EOF,,2021,Y0T4
dataflow,UNICEF:GLOBAL_DATAFLOW(1.0),I,FIN,7,PT_CHLD_Y0T4_REG,M,2021,100,,PCNT,RP,,,,,Births registered,"While trend data are available, changes in the indicator definitions, age groups covered, as well as the measures and questions used to collect the information have changed over time. These factors affect the comparability of available data sources and require careful review and assessment in order to accurately and reliably draw conclusions about trends over time for most countries. For this reason, trend data for this indicator are not included in UNICEF global databases.",Statistics Finland,,,EOF,,2021,Y0T4
dataflow,UNICEF:GLOBAL_DATAFLOW(1.0),I,FIN,7,PT_CHLD_Y0T4_REG,F,2021,100,,PCNT,RP,,,,,Births registered,"While trend data are available, changes in the indicator definitions, age groups covered, as well as the measures and questions used to collect the information have changed over time. These factors affect the comparability of available data sources and require careful review and assessment in order to accurately and reliably draw conclusions about trends over time for most countries. For this reason, trend data for this indicator are not included in UNICEF global databases.",Statistics Finland,,,EOF,,2021,Y0T4
dataflow,UNICEF:GLOBAL_DATAFLOW(1.0),I,FRA,7,PT_CHLD_Y0T4_REG,M,2024,100,,PCNT,E,,,,,"Estimated coverage of birth registration was obtained on the basis of the reported completeness of the national civil registration system, which estimated at least 90% complete","While trend data are available, changes in the indicator definitions, age groups covered, as well as the measures and questions used to collect the information have changed over time. These factors affect the comparability of available data sources and require careful review and assessment in order to accurately and reliably draw conclusions about trends over time for most countries. For this reason, trend data for this indicator are not included in UNICEF global databases.","UNSD Population and Vital Statistics Report, January 2026",,,EOF,,2024,Y0T4
dataflow,UNICEF:GLOBAL_DATAFLOW(1.0),I,FRA,7,PT_CHLD_Y0T4_REG,F,2024,100,,PCNT,E,,,,,"Estimated coverage of birth registration was obtained on the basis of the reported completeness of the national civil registration system, which estimated at least 90% complete","While trend data are available, changes in the indicator definitions, age groups covered, as well as the measures and questions used to collect the information have changed over time. These factors affect the comparability of available data sources and require careful review and assessment in order to accurately and reliably draw conclusions about trends over time for most countries. For this reason, trend data for this indicator are not included in UNICEF global databases.","UNSD Population and Vital Statistics Report, January 2026",,,EOF,,2024,Y0T4
dataflow,UNICEF:GLOBAL_DATAFLOW(1.0),I,FRA,7,PT_CHLD_Y0T4_REG,_T,2024,100,,PCNT,E,,,,,"Estimated coverage of birth registration was obtained on the basis of the reported completeness of the national civil registration system, which estimated at least 90% complete","While trend data are available, changes in the indicator definitions, age groups covered, as well as the measures and questions used to collect the information have changed over time. These factors affect the comparability of available data sources and require careful review and assessment in order to accurately and reliably draw conclusions about trends over time for most countries. For this reason, trend data for this indicator are not included in UNICEF global databases.","UNSD Population and Vital Statistics Report, January 2026",,,EOF,,2024,Y0T4
dataflow,UNICEF:GLOBAL_DATAFLOW(1.0),I,TZA,3,PT_CHLD_Y0T4_REG,F,2022,67.3,,PCNT,RP,,,,,,"While trend data are available, changes in the indicator definitions, age groups covered, as well as the measures and questions used to collect the information have changed over time. These factors affect the comparability of available data sources and require careful review and assessment in order to accurately and reliably draw conclusions about trends over time for most countries. For this reason, trend data for this indicator are not included in UNICEF global databases.",DHS 2022,,,EOF,,2022,Y0T4
dataflow,UNICEF:GLOBAL_DATAFLOW(1.0),I,TZA,3,PT_CHLD_Y0T4_REG,_T,2022,67.7,,PCNT,RP,,,,,,"While trend data are available, changes in the indicator definitions, age groups covered, as well as the measures and questions used to collect the information have changed over time. These factors affect the comparability of available data sources and require careful review and assessment in order to accurately and reliably draw conclusions about trends over time for most countries. For this reason, trend data for this indicator are not included in UNICEF global databases.",DHS 2022,,,EOF,,2022,Y0T4
dataflow,UNICEF:GLOBAL_DATAFLOW(1.0),I,TZA,3,PT_CHLD_Y0T4_REG,M,2022,68.1,,PCNT,RP,,,,,,"While trend data are available, changes in the indicator definitions, age groups covered, as well as the measures and questions used to collect the information have changed over time. These factors affect the comparability of available data sources and require careful review and assessment in order to accurately and reliably draw conclusions about trends over time for most countries. For this reason, trend data for this indicator are not included in UNICEF global databases.",DHS 2022,,,EOF,,2022,Y0T4
dataflow,UNICEF:GLOBAL_DATAFLOW(1.0),I,USA,7,PT_CHLD_Y0T4_REG,_T,2024,100,,PCNT,E,,,,,"Estimated coverage of birth registration was obtained on the basis of the reported completeness of the national civil registration system, which estimated at least 90% complete","While trend data are available, changes in the indicator definitions, age groups covered, as well as the measures and questions used to collect the information have changed over time. These factors affect the comparability of available data sources and require careful review and assessment in order to accurately and reliably draw conclusions about trends over time for most countries. For this reason, trend data for this indicator are not included in UNICEF global databases.","UNSD Population and Vital Statistics Report, January 2026",,,EOF,,2024,Y0T4
dataflow,UNICEF:GLOBAL_DATAFLOW(1.0),I,USA,7,PT_CHLD_Y0T4_REG,M,2024,100,,PCNT,E,,,,,"Estimated coverage of birth registration was obtained on the basis of the reported completeness of the national civil registration system, which estimated at least 90% complete","While trend data are available, changes in the indicator definitions, age groups covered, as well as the measures and questions used to collect the information have changed over time. These factors affect the comparability of available data sources and require careful review and assessment in order to accurately and reliably draw conclusions about trends over time for most countries. For this reason, trend data for this indicator are not included in UNICEF global databases.","UNSD Population and Vital Statistics Report, January 2026",,,EOF,,2024,Y0T4
dataflow,UNICEF:GLOBAL_DATAFLOW(1.0),I,USA,7,PT_CHLD_Y0T4_REG,F,2024,100,,PCNT,E,,,,,"Estimated coverage of birth registration was obtained on the basis of the reported completeness of the national civil registration system, which estimated at least 90% complete","While trend data are available, changes in the indicator definitions, age groups covered, as well as the measures and questions used to collect the information have changed over time. These factors affect the comparability of available data sources and require careful review and assessment in order to accurately and reliably draw conclusions about trends over time for most countries. For this reason, trend data for this indicator are not included in UNICEF global databases.","UNSD Population and Vital Statistics Report, January 2026",,,EOF,,2024,Y0T4
dataflow,UNICEF:GLOBAL_DATAFLOW(1.0),I,GAB,2,PT_CHLD_Y0T4_REG,_T,2021,95.6,,PCNT,RP,,,,,,"While trend data are available, changes in the indicator definitions, age groups covered, as well as the measures and questions used to collect the information have changed over time. These factors affect the comparability of available data sources and require careful review and assessment in order to accurately and reliably draw conclusions about trends over time for most countries. For this reason, trend data for this indicator are not included in UNICEF global databases.",DHS 2019-21,,,EOF,,2019-21,Y0T4
dataflow,UNICEF:GLOBAL_DATAFLOW(1.0),I,GAB,2,PT_CHLD_Y0T4_REG,M,2021,95.7,,PCNT,RP,,,,,,"While trend data are available, changes in the indicator definitions, age groups covered, as well as the measures and questions used to collect the information have changed over time. These factors affect the comparability of available data sources and require careful review and assessment in order to accurately and reliably draw conclusions about trends over time for most countries. For this reason, trend data for this indicator are not included in UNICEF global databases.",DHS 2019-21,,,EOF,,2019-21,Y0T4
dataflow,UNICEF:GLOBAL_DATAFLOW(1.0),I,GAB,2,PT_CHLD_Y0T4_REG,F,2021,95.4,,PCNT,RP,,,,,,"While trend data are available, changes in the indicator definitions, age groups covered, as well as the measures and questions used to collect the information have changed over time. These factors affect the comparability of available data sources and require careful review and assessment in order to accurately and reliably draw conclusions about trends over time for most countries. For this reason, trend data for this indicator are not included in UNICEF global databases.",DHS 2019-21,,,EOF,,2019-21,Y0T4
dataflow,UNICEF:GLOBAL_DATAFLOW(1.0),I,GMB,3,PT_CHLD_Y0T4_REG,M,2020,60.3,,PCNT,RP,,,,,,"While trend data are available, changes in the indicator definitions, age groups covered, as well as the measures and questions used to collect the information have changed over time. These factors affect the comparability of available data sources and require careful review and assessment in order to accurately and reliably draw conclusions about trends over time for most countries. For this reason, trend data for this indicator are not included in UNICEF global databases.",DHS 2019-20,,,EOF,,2019-20,Y0T4
dataflow,UNICEF:GLOBAL_DATAFLOW(1.0),I,GMB,3,PT_CHLD_Y0T4_REG,F,2020,57.7,,PCNT,RP,,,,,,"While trend data are available, changes in the indicator definitions, age groups covered, as well as the measures and questions used to collect the information have changed over time. These factors affect the comparability of available data sources and require careful review and assessment in order to accurately and reliably draw conclusions about trends over time for most countries. For this reason, trend data for this indicator are not included in UNICEF global databases.",DHS 2019-20,,,EOF,,2019-20,Y0T4
dataflow,UNICEF:GLOBAL_DATAFLOW(1.0),I,GMB,3,PT_CHLD_Y0T4_REG,_T,2020,59,,PCNT,RP,,,,,,"While trend data are available, changes in the indicator definitions, age groups covered, as well as the measures and questions used to collect the information have changed over time. These factors affect the comparability of available data sources and require careful review and assessment in order to accurately and reliably draw conclusions about trends over time for most countries. For this reason, trend data for this indicator are not included in UNICEF global databases.",DHS 2019-20,,,EOF,,2019-20,Y0T4
dataflow,UNICEF:GLOBAL_DATAFLOW(1.0),I,UZB,7,PT_CHLD_Y0T4_REG,_T,2022,100,,PCNT,RP,,,,,,"While trend data are available, changes in the indicator definitions, age groups covered, as well as the measures and questions used to collect the information have changed over time. These factors affect the comparability of available data sources and require careful review and assessment in order to accurately and reliably draw conclusions about trends over time for most countries. For this reason, trend data for this indicator are not included in UNICEF global databases.",MICS 2021-22,,,EOF,,2021-22,Y0T4
dataflow,UNICEF:GLOBAL_DATAFLOW(1.0),I,UZB,7,PT_CHLD_Y0T4_REG,M,2022,100,,PCNT,RP,,,,,,"While trend data are available, changes in the indicator definitions, age groups covered, as well as the measures and questions used to collect the information have changed over time. These factors affect the comparability of available data sources and require careful review and assessment in order to accurately and reliably draw conclusions about trends over time for most countries. For this reason, trend data for this indicator are not included in UNICEF global databases.",MICS 2021-22,,,EOF,,2021-22,Y0T4
dataflow,UNICEF:GLOBAL_DATAFLOW(1.0),I,UZB,7,PT_CHLD_Y0T4_REG,F,2022,100,,PCNT,RP,,,,,,"While trend data are available, changes in the indicator definitions, age groups covered, as well as the measures and questions used to collect the information have changed over time. These factors affect the comparability of available data sources and require careful review and assessment in order to accurately and reliably draw conclusions about trends over time for most countries. For this reason, trend data for this indicator are not included in UNICEF global databases.",MICS 2021-22,,,EOF,,2021-22,Y0T4
dataflow,UNICEF:GLOBAL_DATAFLOW(1.0),I,VUT,6,PT_CHLD_Y0T4_REG,_T,2023,76.7,,PCNT,RP,,,,,One out of 238 EAs was not visited due to bad weather,"While trend data are available, changes in the indicator definitions, age groups covered, as well as the measures and questions used to collect the information have changed over time. These factors affect the comparability of available data sources and require careful review and assessment in order to accurately and reliably draw conclusions about trends over time for most countries. For this reason, trend data for this indicator are not included in UNICEF global databases.",MICS 2023,,,EOF,,2023,Y0T4
dataflow,UNICEF:GLOBAL_DATAFLOW(1.0),I,VUT,6,PT_CHLD_Y0T4_REG,M,2023,76.4,,PCNT,RP,,,,,One out of 238 EAs was not visited due to bad weather,"While trend data are available, changes in the indicator definitions, age groups covered, as well as the measures and questions used to collect the information have changed over time. These factors affect the comparability of available data sources and require careful review and assessment in order to accurately and reliably draw conclusions about trends over time for most countries. For this reason, trend data for this indicator are not included in UNICEF global databases.",MICS 2023,,,EOF,,2023,Y0T4
dataflow,UNICEF:GLOBAL_DATAFLOW(1.0),I,VUT,6,PT_CHLD_Y0T4_REG,F,2023,77.1,,PCNT,RP,,,,,One out of 238 EAs was not visited due to bad weather,"While trend data are available, changes in the indicator definitions, age groups covered, as well as the measures and questions used to collect the information have changed over time. These factors affect the comparability of available data sources and require careful review and assessment in order to accurately and reliably draw conclusions about trends over time for most countries. For this reason, trend data for this indicator are not included in UNICEF global databases.",MICS 2023,,,EOF,,2023,Y0T4
dataflow,UNICEF:GLOBAL_DATAFLOW(1.0),I,VEN,1,PT_CHLD_Y0T4_REG,_T,2017,81.3,,PCNT,RA,,,,,Births registered,"While trend data are available, changes in the indicator definitions, age groups covered, as well as the measures and questions used to collect the information have changed over time. These factors affect the comparability of available data sources and require careful review and assessment in order to accurately and reliably draw conclusions about trends over time for most countries. For this reason, trend data for this indicator are not included in UNICEF global databases.",Vital registration system 2017,,,EOF,,2017,Y0T4
